{
    "type": "origins:multiple",
    "disable_regen":{
        "type": "origins:disable_regen"
    },
    "flasks": {
        "type": "origins:resource",
        "min": 0,
        "max": 4,
        "start_value": 4,
        "hud_render": {
            "should_render": true,
            "sprite_location": "hypno:textures/bars/chosen/flasks.png",
            "bar_index": 0
        }
    },
    "drink": {
        "type": "origins:active_self",
        "entity_action": {
            "type": "origins:if_else",
            "condition": {
                "type": "origins:resource",
                "resource": "chosen:life_drinking",
                "comparison": "==",
                "compare_to": 0
            },
            "if_action": {
                "type": "origins:execute_command",
                "command": "function chosen:start_drink"
            }
        },
        "cooldown": 2,
        "hud_render": {
            "should_render": false
        },
        "key": "key.origins.secondary_active",
        "condition": {
            "type": "origins:resource",
            "resource": "chosen:life_flasks",
            "comparison": ">",
            "compare_to": 0
        }
    },
    "drinking": {
        "type": "origins:resource",
        "min": 0,
        "max": 40,
        "start_value": 0
    },
    "drinking_tick": {
        "type": "origins:action_over_time",
        "entity_action": {
            "type": "origins:and",
            "actions": [
                {
                    "type": "origins:if_else",
                    "condition": {
                        "type": "origins:resource",
                        "resource": "chosen:life_drinking",
                        "comparison": "<=",
                        "compare_to": 32
                    },
                    "if_action": {
                        "type": "origins:and",
                        "actions": [
                            {
                                "type": "origins:execute_command",
                                "command": "particle minecraft:trial_spawner_detection ~ ~1 ~ 0.2 0.2 0.2 0 1"
                            },
                            {
                                "type": "origins:heal",
                                "amount": 0.3
                            }
                        ]
                    }
                },
                {
                    "type": "origins:change_resource",
                    "resource": "chosen:life_drinking",
                    "change": -1
                }
            ]
        },
        "interval": 1,
        "condition": {
            "type": "origins:resource",
            "resource": "chosen:life_drinking",
            "comparison": ">",
            "compare_to": 0
        }
    },
    "drinking_sound": {
        "type": "origins:action_over_time",
        "entity_action": {
            "type": "origins:and",
            "actions": [
                {
                    "type": "origins:execute_command",
                    "command": "particle minecraft:heart ~ ~1 ~ 0.2 0.2 0.2 0 1"
                },
                {
                    "type": "origins:execute_command",
                    "command": "playsound minecraft:entity.generic.drink player @a ~ ~ ~ 1 0.85"
                }
            ]
        },
        "interval": 4,
        "condition": {
            "type": "origins:and",
            "conditions": [
                {
                    "type": "origins:resource",
                    "resource": "chosen:life_drinking",
                    "comparison": "<=",
                    "compare_to": 32
                },
                {
                    "type": "origins:resource",
                    "resource": "chosen:life_drinking",
                    "comparison": ">",
                    "compare_to": 0
                }
            ]
        }
    },
    "slow": {
        "type": "origins:conditioned_attribute",
        "modifier": {
            "attribute": "minecraft:generic.movement_speed",
            "operation": "add_multiplied_base",
            "amount": -0.6,
            "id": "chosen_drinking_slow"
        },
        "tick_rate": 1,
        "condition": {
            "type": "origins:and",
            "conditions": [
                {
                    "type": "origins:resource",
                    "resource": "chosen:life_drinking",
                    "comparison": "<=",
                    "compare_to": 32
                },
                {
                    "type": "origins:resource",
                    "resource": "chosen:life_drinking",
                    "comparison": ">",
                    "compare_to": 0
                }
            ]
        }
    },
    "name": "Life Flasks",
    "description": "You always have life in a bottle around your toolbelt",
    "badges": [
        {
            "type": "origins:tooltip",
            "sprite": "minecraft:textures/mob_effect/instant_health.png",
            "text": "§6§lLife Flasks §r§6➕§r\n§7You cannot regenerate naturally so you have to rely onto your Life Flasks.\nConsuming one will grant you 5 §c❤§7 back over a short duration,\n\n§6💼§r§7 Capacity: §r§f4 flasks\n§e⌛§r§7 Drinking windup: §r§f1.6s\n§7§lActive Ability"
        },
        {
            "type": "origins:tooltip",
            "sprite": "origins:textures/gui/badge/toggle.png",
            "text": [
                "§7Drink your flask with §r[",
                {
                    "keybind": "key.origins.secondary_active"
                },
                "]§7!"
            ]
        }
    ]
}