{
    "type": "origins:multiple",
    "heavy_cooldown": {
        "type": "origins:resource",
        "min": 0,
        "max": 100,
        "start_value": 0,
        "hud_render": {
            "condition": {
                "type": "origins:and",
                "conditions": [
                    {
                        "type": "origins:attribute",
                        "attribute": "minecraft:generic.armor",
                        "comparison": ">=",
                        "compare_to": 16.0
                    },
                    {
                        "type": "origins:resource",
                        "resource": "chosen:roll_heavy_cooldown",
                        "comparison": ">",
                        "compare_to": 0
                    }
                ]
            },
            "sprite_location": "origins:textures/gui/community/huang/resource_bar_01.png",
            "bar_index": 3
        }
    },
    "medium_cooldown": {
        "type": "origins:resource",
        "min": 0,
        "max": 70,
        "start_value": 0,
        "hud_render": {
            "condition": {
                "type": "origins:and",
                "conditions": [
                    {
                        "type": "origins:attribute",
                        "attribute": "minecraft:generic.armor",
                        "comparison": "<",
                        "compare_to": 16.0
                    },
                    {
                        "type": "origins:attribute",
                        "attribute": "minecraft:generic.armor",
                        "comparison": ">",
                        "compare_to": 10.0
                    },
                    {
                        "type": "origins:resource",
                        "resource": "chosen:roll_medium_cooldown",
                        "comparison": ">",
                        "compare_to": 0
                    }
                ]
            },
            "sprite_location": "origins:textures/gui/community/huang/resource_bar_01.png",
            "bar_index": 3
        }
    },
    "light_cooldown": {
        "type": "origins:resource",
        "min": 0,
        "max": 40,
        "start_value": 0,
        "hud_render": {
            "condition": {
                "type": "origins:and",
                "conditions": [
                    {
                        "type": "origins:attribute",
                        "attribute": "minecraft:generic.armor",
                        "comparison": "<=",
                        "compare_to": 10.0
                    },
                    {
                        "type": "origins:resource",
                        "resource": "chosen:roll_light_cooldown",
                        "comparison": ">",
                        "compare_to": 0
                    }
                ]
            },
            "sprite_location": "origins:textures/gui/community/huang/resource_bar_01.png",
            "bar_index": 3
        }
    },
    "drain_cooldown": {
        "type": "origins:action_over_time",
        "entity_action": {
            "type": "origins:execute_command",
            "command": "function chosen:cooldown_drain"
        },
        "interval": 1
    },
    "forward_held": {
        "type": "origins:resource",
        "min": 0,
        "max": 2,
        "start_value": 0
    },
    "back_held": {
        "type": "origins:resource",
        "min": 0,
        "max": 2,
        "start_value": 0
    },
    "left_held": {
        "type": "origins:resource",
        "min": 0,
        "max": 2,
        "start_value": 0
    },
    "right_held": {
        "type": "origins:resource",
        "min": 0,
        "max": 2,
        "start_value": 0
    },
    "forward_key": {
        "type": "origins:active_self",
        "entity_action": {
            "type": "origins:and",
            "actions": [
                {
                    "type": "origins:change_resource",
                    "resource": "chosen:roll_forward_held",
                    "change": 2,
                    "operation": "set"
                },
                {
                    "type": "origins:change_resource",
                    "resource": "chosen:roll_back_held",
                    "change": 0,
                    "operation": "set"
                }
            ]
        },
        "cooldown": 1,
        "key": {
            "key": "key.forward",
            "continuous": true
        },
        "hud_render": {
            "should_render": false
        }
    },
    "back_key": {
        "type": "origins:active_self",
        "entity_action": {
            "type": "origins:and",
            "actions": [
                {
                    "type": "origins:change_resource",
                    "resource": "chosen:roll_back_held",
                    "change": 2,
                    "operation": "set"
                },
                {
                    "type": "origins:change_resource",
                    "resource": "chosen:roll_forward_held",
                    "change": 0,
                    "operation": "set"
                }
            ]
        },
        "cooldown": 1,
        "key": {
            "key": "key.back",
            "continuous": true
        },
        "hud_render": {
            "should_render": false
        }
    },
    "left_key": {
        "type": "origins:active_self",
        "entity_action": {
            "type": "origins:and",
            "actions": [
                {
                    "type": "origins:change_resource",
                    "resource": "chosen:roll_left_held",
                    "change": 2,
                    "operation": "set"
                },
                {
                    "type": "origins:change_resource",
                    "resource": "chosen:roll_right_held",
                    "change": 0,
                    "operation": "set"
                }
            ]
        },
        "cooldown": 1,
        "key": {
            "key": "key.left",
            "continuous": true
        },
        "hud_render": {
            "should_render": false
        }
    },
    "right_key": {
        "type": "origins:active_self",
        "entity_action": {
            "type": "origins:and",
            "actions": [
                {
                    "type": "origins:change_resource",
                    "resource": "chosen:roll_right_held",
                    "change": 2,
                    "operation": "set"
                },
                {
                    "type": "origins:change_resource",
                    "resource": "chosen:roll_left_held",
                    "change": 0,
                    "operation": "set"
                }
            ]
        },
        "cooldown": 1,
        "key": {
            "key": "key.right",
            "continuous": true
        },
        "hud_render": {
            "should_render": false
        }
    },
    "drain_keys": {
        "type": "origins:action_over_time",
        "entity_action": {
            "type": "origins:execute_command",
            "command": "function chosen:key_drain"
        },
        "interval": 1
    },
    "roll": {
        "type": "origins:active_self",
        "entity_action": {
            "type": "origins:and",
            "actions": [
                {
                    "type": "origins:exhaust",
                    "amount": 1
                },
                {
                    "type": "origins:change_resource",
                    "resource": "chosen:roll_timer",
                    "change": 4,
                    "operation": "set"
                },
                {
                    "type": "origins:execute_command",
                    "command": "playsound minecraft:entity.breeze.land player @a ~ ~ ~ 1 0.85"
                },
                {
                    "type": "origins:if_else_list",
                    "actions": [
                        {
                            "condition": {
                                "type": "origins:attribute",
                                "attribute": "minecraft:generic.armor",
                                "comparison": ">=",
                                "compare_to": 16.0
                            },
                            "action": {
                                "type": "origins:change_resource",
                                "resource": "chosen:roll_heavy_cooldown",
                                "change": 100,
                                "operation": "set"
                            }
                        },
                        {
                            "condition": {
                                "type": "origins:and",
                                "conditions": [
                                    {
                                        "type": "origins:attribute",
                                        "attribute": "minecraft:generic.armor",
                                        "comparison": "<",
                                        "compare_to": 16.0
                                    },
                                    {
                                        "type": "origins:attribute",
                                        "attribute": "minecraft:generic.armor",
                                        "comparison": ">",
                                        "compare_to": 10.0
                                    }
                                ]
                            },
                            "action": {
                                "type": "origins:change_resource",
                                "resource": "chosen:roll_medium_cooldown",
                                "change": 70,
                                "operation": "set"
                            }
                        },
                        {
                            "condition": {
                                "type": "origins:attribute",
                                "attribute": "minecraft:generic.armor",
                                "comparison": "<=",
                                "compare_to": 10.0
                            },
                            "action": {
                                "type": "origins:change_resource",
                                "resource": "chosen:roll_light_cooldown",
                                "change": 40,
                                "operation": "set"
                            }
                        }
                    ]
                },
                {
                    "type": "origins:if_else",
                    "condition": {
                        "type": "origins:resource",
                        "resource": "chosen:roll_forward_held",
                        "comparison": ">",
                        "compare_to": 0
                    },
                    "if_action": {
                        "type": "origins:add_velocity",
                        "z": 0.85,
                        "space": "local_horizontal_normalized"
                    }
                },
                {
                    "type": "origins:if_else",
                    "condition": {
                        "type": "origins:resource",
                        "resource": "chosen:roll_back_held",
                        "comparison": ">",
                        "compare_to": 0
                    },
                    "if_action": {
                        "type": "origins:add_velocity",
                        "z": -0.85,
                        "space": "local_horizontal_normalized"
                    }
                },
                {
                    "type": "origins:if_else",
                    "condition": {
                        "type": "origins:resource",
                        "resource": "chosen:roll_left_held",
                        "comparison": ">",
                        "compare_to": 0
                    },
                    "if_action": {
                        "type": "origins:add_velocity",
                        "x": 0.85,
                        "space": "local_horizontal_normalized"
                    }
                },
                {
                    "type": "origins:if_else",
                    "condition": {
                        "type": "origins:resource",
                        "resource": "chosen:roll_right_held",
                        "comparison": ">",
                        "compare_to": 0
                    },
                    "if_action": {
                        "type": "origins:add_velocity",
                        "x": -0.85,
                        "space": "local_horizontal_normalized"
                    }
                }
            ]
        },
        "cooldown": 1,
        "condition": {
            "type": "origins:and",
            "conditions": [
                {
                    "type": "origins:on_block"
                },
                {
                    "type": "origins:resource",
                    "resource": "chosen:roll_heavy_cooldown",
                    "comparison": "==",
                    "compare_to": 0
                },
                {
                    "type": "origins:resource",
                    "resource": "chosen:roll_medium_cooldown",
                    "comparison": "==",
                    "compare_to": 0
                },
                {
                    "type": "origins:resource",
                    "resource": "chosen:roll_light_cooldown",
                    "comparison": "==",
                    "compare_to": 0
                }
            ]
        },
        "key": {
            "key": "key.origins.primary_active"
        },
        "hud_render": {
            "should_render": false
        }
    },
    "timer": {
        "type": "origins:resource",
        "min": 0,
        "max": 4,
        "start_value": 0
    },
    "drain_timer": {
        "type": "origins:action_over_time",
        "entity_action": {
            "type": "origins:execute_command",
            "command": "function chosen:roll_drain"
        },
        "interval": 1,
        "condition": {
            "type": "origins:resource",
            "resource": "chosen:roll_timer",
            "comparison": ">",
            "compare_to": 0
        }
    },
    "slow": {
        "type": "origins:conditioned_attribute",
        "modifier": {
            "attribute": "minecraft:generic.movement_speed",
            "operation": "add_multiplied_base",
            "amount": -0.5,
            "id": "chosen_roll_slowed"
        },
        "tick_rate": 1,
        "condition": {
            "type": "origins:resource",
            "resource": "chosen:roll_timer",
            "comparison": ">",
            "compare_to": 0
        }
    },
    "prevent_roll_jump": {
        "type": "origins:modify_jump",
        "modifier": {
            "id": "chosen_roll_jump",
            "operation": "set_base",
            "amount": 0
        },
        "condition": {
            "type": "origins:resource",
            "resource": "chosen:roll_timer",
            "comparison": ">",
            "compare_to": 0
        }
    },
    "roll_invuln": {
        "type": "origins:invulnerability",
        "damage_condition": {
            "type": "origins:attacker"
        },
        "condition": {
            "type": "origins:resource",
            "resource": "chosen:roll_timer",
            "comparison": ">",
            "compare_to": 0
        }
    },
    "iframes_color":{
        "type": "origins:model_color",
        "red": 0.5,
        "green": 0.5,
        "blue": 0.5,
        "condition": {
            "type": "origins:resource",
            "resource": "chosen:roll_timer",
            "comparison": ">",
            "compare_to": 0
        }
    },
    "step_height": {
        "type": "origins:conditioned_attribute",
        "modifier": {
            "id": "chosen_step_height",
            "attribute": "minecraft:generic.step_height",
            "amount": 1,
            "operation": "add_value"
        },
        "tick_rate": 1,
        "condition": {
            "type": "origins:resource",
            "resource": "chosen:roll_timer",
            "comparison": ">",
            "compare_to": 0
        }
    },
    "name": "Dodge Roll",
    "description": "Rolling away from your problems has never been easier.",
    "badges": [
        {
            "type": "origins:tooltip",
            "sprite": "minecraft:textures/mob_effect/speed.png",
            "text": "§b§lDodge Roll §r§b♾§r\n§7Roll grants a short burst of movement in the direction of the keys currently held.\nDuring the roll, you have invulnerability frames.\n\nCooldown is based on armor value.\n\n§e⌛§r§7 Cooldown: §r§f2s (<=10 🔰) §7/ §f3.5s (11-15) 🔰) §7/ §f5s (>=16)\n§7§lActive Ability"
        },
        {
            "type": "origins:tooltip",
            "sprite": "origins:textures/gui/badge/toggle.png",
            "text": [
                "§7Roll with §r[",
                {
                    "keybind": "key.origins.primary_active"
                },
                "]§7!"
            ]
        }
    ]
}