{
    "type": "origins:multiple",
    "health": {
        "type": "origins:attribute",
        "modifier": {
            "id": "chosen_health",
            "attribute": "minecraft:generic.max_health",
            "operation": "add_value",
            "amount": -4
        }
    },
    "name": "Weak Constitution",
    "description": "Frail flesh implies weaker constitution.",
    "badges": [
        {
            "type": "origins:tooltip",
            "sprite": "origins:textures/gui/community/silent/badge/shapes/shape_heart.png",
            "text": "§c§lWeak Constitution §r§c💔§r\n§7You have §c-2 ❤§r§7 permanently.\n\n§7§lPassive Ability"
        }
    ]
}