{
    "type": "origins:multiple",
    "health": {
        "type": "origins:attribute",
        "modifier": {
            "id": "resonant_health",
            "attribute": "minecraft:generic.max_health",
            "amount": -4,
            "operation": "add_value"
        }
    },
    "size":{
        "type": "origins:action_on_callback",
        "entity_action_gained": {
            "type": "origins:execute_command",
            "command": "function resonant:size"
        },
        "entity_action_lost": {
            "type": "origins:execute_command",
            "command": "scale reset"
        },
        "execute_chosen_when_orb": false
    },
    "name": "Echoing limitations",
    "description": "Your body has suffered consequences after obtaining the power of Resonance...",
    "badges": [
        {
            "type": "origins:tooltip",
            "sprite": "minecraft:textures/mob_effect/instant_damage.png",
            "text": "§c§lEchoing Limitations §r§c💔§r\n§7You permanently have -2 §4❤§7.\n\n§7§lPassive Ability"
        }
    ]
}