{
  "type": "minecraft:fishing",
  "pools": [
    {
      "rolls": {
        "type": "minecraft:uniform",
        "min": 1,
        "max": 3
      },
      "bonus_rolls": 0,
      "entries": [
        {
          "type": "minecraft:item",
          "name": "minecraft:cod",
          "weight": 60,
          "quality": 1
        },
        {
          "type": "minecraft:item",
          "name": "minecraft:salmon",
          "weight": 25,
          "quality": 1
        },
        {
          "type": "minecraft:item",
          "name": "minecraft:tropical_fish",
          "weight": 2,
          "quality": 1
        },
        {
          "type": "minecraft:item",
          "name": "minecraft:pufferfish",
          "weight": 13,
          "quality": 1
        }
      ]
    }
  ],
  "random_sequence": "minecraft:gameplay/fishing/fish"
}
