{
    "type": "origins:multiple",
    "wings": {
        "type": "origins:elytra_flight",
        "render_elytra": true,
        "texture_location": "hypno:textures/item/thallasion/wings.png"
    },
    "elytra_slowed": {
        "type": "origins:action_over_time",
        "entity_action": {
            "type": "origins:add_velocity",
            "z": -0.04,
            "space": "velocity"
        },
        "interval": 1,
        "condition": {
            "type": "origins:and",
            "conditions": [
                {
                    "type": "origins:fall_flying"
                },
                {
                    "type": "origins:resource",
                    "resource": "thallasion:tidal_duration",
                    "comparison": "==",
                    "compare_to": 0
                }
            ]
        }
    },
    "ignore_water": {
        "type": "origins:ignore_water",
        "condition": {
            "type": "origins:and",
            "conditions": [
                {
                    "type": "origins:fall_flying"
                },
                {
                    "type": "origins:resource",
                    "resource": "thallasion:tidal_duration",
                    "comparison": ">",
                    "compare_to": 0
                }
            ]
        }
    },
    "no_fireworks": {
        "type": "origins:prevent_item_use",
        "item_condition": {
            "type": "origins:ingredient",
            "ingredient": {
                "item": "minecraft:firework_rocket"
            }
        }
    },
    "name": "Winged Titan",
    "description": "Wings honor the back of your pride",
    "badges": [
        {
            "type": "origins:tooltip",
            "sprite": "minecraft:textures/item/elytra.png",
            "text": "§f§lWinged §r§f🪶§r\n§7You have elytras passively but they are extremely weak by nature.\nAdditionally, you cannot use fireworks.\n\n§7§lPassive Ability"
        }
    ]
}