{
    "type": "origins:multiple",
    "remove_vanish": {
        "type": "origins:action_over_time",
        "entity_action": {
            "type": "origins:modify_inventory",
            "inventory_type": "inventory",
            "item_action": {
                "type": "origins:remove_enchantment",
                "enchantment": "minecraft:vanishing_curse"
            }
        },
        "interval": 5
    },
    "name": "Unvanished",
    "description": "Truly vanishing only happens in a finite world.",
    "badges": [
        {
            "type": "origins:tooltip",
            "sprite": "origins:textures/gui/community/silent/badge/math/expression_multiply_alt.png",
            "text": "§a§lUnvanished §r§a⛓§r\n§7Items with Curse of Vanishing are cleansed upon entering your inventory.\n\n§7§lPassive Ability"
        }
    ]
}