{
    "type": "origins:multiple",

    "duration": {
        "type": "origins:resource",
        "min": 0,
        "max": 200,
        "start_value": 200,
        "hud_render": {
            "should_render": true
        },
        "min_action": {
            "type": "origins:execute_command",
            "command": "kill @s"
        }
    },
    "duration_up": {
        "type": "origins:action_over_time",
        "entity_action": {
            "type": "origins:change_resource",
            "resource": "*:*_duration",
            "change": -1
        },
        "interval": 1
    },
    "action": {
        "type": "origins:action_over_time",
        "entity_action": {
            "type": "origins:and",
            "actions": [
                {
                    "type": "origins:area_of_effect",
                    "radius": 6,
                    "shape": "sphere",
                    "bientity_action": {
                        "type": "origins:target_action",
                        "action": {
                            "type": "origins:add_velocity",
                            "y": 0.2,
                            "z": 0.05,
                            "space": "local"
                        }
                    }
                },
                {    
                    "type": "origins:execute_command",
                    "command": "particle minecraft:poof ~ ~ ~ .6 3 .6 0 4 normal @a[tag=Zephyr]"
                }
            ]
        },
        "interval": 1
    }
}