{
    "name": "Wind Manipulator",
    "description": "You can place down an updraft manually, only whilst grounded.",
    "badges": [
        {
            "type": "origins:tooltip",
            "sprite": "origins:textures/gui/badge/active.png",
            "text": [
                "Active ability, use with [",
                {
                    "keybind": "key.origins.primary_active", "color": "#abf2f5"
                },
                "] whilst looking at a block."
            ]
        }
    ],
    "type": "origins:multiple",
    "timer": {
        "type": "origins:resource",
        "min": 0,
        "max": 400,
        "start_value": 400,
        "hud_render": {
            "sprite_location": "origins:textures/gui/community/huang/resource_bar_01.png",
            "bar_index": 8,
            "condition": {
                "type": "origins:resource",
                "resource": "*:*_timer",
                "comparison": "<=",
                "compare_to": 399
            }
        }
    },
    "addtimer": {
        "type": "origins:action_over_time",
        "entity_action": {
            "type": "origins:change_resource",
            "resource": "*:*_timer",
            "change": 1
        },
        "interval": 1
    },
	"swing": {
		"type": "origins:active_self",
		"entity_action": {
			"type": "origins:and",
			"actions": [
                {
					"type": "origins:swing_hand",
					"hand": "MAIN_HAND"
				},
				{
                    "type": "origins:raycast",
                    "distance": 16,
                    "block": true,
                    "entity": true,
                    "shape_type": "collider",
                    "fluid_handling": "any",
                    "hit_action": {
                        "type": "origins:and",
                        "actions": [
                            {    
                                "type": "origins:play_sound",
                                "sound": "minecraft:entity.phantom.ambient"
                            },
                            {
                                "type": "origins:change_resource",
                                "resource": "*:*_timer",
                                "change": -400
                            },
                            {
                                "type": "origins:delay",
                                "ticks": 1,
                                "action": {
                                    "type": "origins:execute_command",
                                    "command": "power grant @e[tag=Updraft] upavi:updraft"
                                }
                            }
                        ]
                    },
                    "command_at_hit": "summon armor_stand ~ ~0.25 ~ {NoGravity:1b,Silent:1b,Invulnerable:1b,Invisible:1b,NoBasePlate:1b,Tags:[\"Updraft\"]}",
                    "command_along_ray": "particle minecraft:dust 1 1 1 1 ~ ~ ~ .1 .1 .1 0 1 normal",
                    "command_step": 0.5,
                    "command_along_ray_only_on_hit": true
				}
			]
		},
		"cooldown": 1,
		"key": "key.origins.primary_active",
        "hud_render": {
            "should_render": false
        },
        "condition": {
            "type": "origins:and",
            "conditions": [
                {
                    "type": "origins:on_block"
                },
                {      
                    "type": "origins:resource",
                    "resource": "*:*_timer",
                    "comparison": "==",
                    "compare_to": 400
                }
            ]
        }
	}
}