{
    "type": "origins:multiple",
    "armor": {
        "type": "origins:attribute",
        "modifier": {
            "id": "kalogero:lightweight_armor",
            "attribute": "minecraft:generic.armor",
            "operation": "add_value",
            "amount": -4
        }
    },
    "name": "Lightweight-Build",
    "description": "To use armor without comprimising your agility and speed; you wear armor differently",
    "badges": [
        {
            "type": "origins:tooltip",
            "sprite": "origins:textures/gui/community/silent/badge/icons/armor.png",
            "text": "§c§lLightweight-Build §r§c⚜§r\n§7You passively have -4 armor.\n\n§7§lPassive Ability"
        }
    ]
}