{
    "type": "origins:multiple",
    "notification": {
        "type": "origins:action_on_callback",
        "entity_action_gained": {
            "type": "origins:show_toast",
            "icon": {
                "id": "minecraft:fishing_rod"
            },
            "title": {
                "text": "ANGLER BAIT!",
                "color": "blue"
            },
            "description": [
                "§7Press §r[",
                {
                    "keybind": "key.loadToolbarActivator"
                },
                "]§7 to accept!"
            ],
            "duration": 160
        },
        "entity_action_removed": {
            "type": "origins:execute_command",
            "command": "tag @s remove bait"
        },
        "execute_chosen_when_orb": true
    },
    "activate": {
        "type": "origins:active_self",
        "entity_action": {
            "type": "origins:and",
            "actions": [
                {
                    "type": "origins:execute_command",
                    "command": "playsound minecraft:block.note_block.harp player @s ~ ~ ~ 3 1"
                },
                {
                    "type": "origins:execute_command",
                    "command": "tag @s add bait"
                },
                {
                    "type": "origins:execute_command",
                    "command": "particle minecraft:splash ~ ~1 ~ 0 0 0 0.5 50"
                }
            ]
        },
        "key": {
            "key": "key.loadToolbarActivator"
        },
        "cooldown": 1,
        "hud_render": {
            "should_render":false
        },
        "condition": {
            "type": "origins:command",
            "command": "execute if entity @s[tag=bait]",
            "comparison": "==",
            "compare_to": 0
        }
    },
    "hidden": true
}