{
    "type": "origins:multiple",
    "tag": {
        "type": "origins:action_on_callback",
        "entity_action_gained": {
            "type": "origins:execute_command",
            "command": "tag @s add displace_indicator"
        },
        "entity_action_lost": {
            "type": "origins:execute_command",
            "command": "tag @s remove displace_indicator"
        },
        "execute_chosen_when_orb": false
    },
    "cooldown": {
        "type": "origins:resource",
        "min": 0,
        "max": 100,
        "start_value": 100,
        "hud_render": {
            "should_render": true,
            "sprite_location": "origins:textures/gui/community/huang/resource_bar_01.png",
            "bar_index": 19,
            "condition": {
                "type": "origins:resource",
                "resource": "voidsent:displace_cooldown",
                "comparison": "<",
                "compare_to": 100
            }
        }
    },
    "cooldown_up": {
        "type": "origins:action_over_time",
        "entity_action": {
            "type": "origins:change_resource",
            "resource": "voidsent:displace_cooldown",
            "change": 1
        },
        "interval": 1,
        "condition": {
            "type": "origins:resource",
            "resource": "voidsent:displace_cooldown",
            "comparison": "<",
            "compare_to": 100
        }
    },
    "holding_key": {
        "type": "origins:resource",
        "min": 0,
        "max": 3,
        "hud_render": {
            "should_render": false
        }
    },
    "unheld_key": {
        "type": "origins:action_over_time",
        "entity_action": {
            "type": "origins:change_resource",
            "resource": "voidsent:displace_holding_key",
            "change": -1
        },
        "interval": 1
    },
    "use": {
        "type": "origins:active_self",
        "entity_action": {
            "type": "origins:and",
            "actions": [
                {
                    "type": "origins:change_resource",
                    "resource": "voidsent:displace_holding_key",
                    "change": 3,
                    "operation": "set"
                },
                {
                    "type": "origins:raycast",
                    "distance": 9,
                    "entity": false,
                    "block": true,
                    "shape_type": "visual",
                    "fluid_handling": "none",
                    "miss_action": {
                        "type": "origins:execute_command",
                        "command": "execute anchored eyes run particle minecraft:witch ^ ^ ^9 0.1 0.1 0.1 0 3 force @a[tag=displace_indicator]"
                    },
                    "command_at_hit": "particle minecraft:witch ~ ~ ~ 0.1 0.1 0.1 0 3 force @a[tag=displace_indicator]",
                    "command_step": 0.25,
                    "command_along_ray_only_on_hit": false
                }
            ]
        },
        "cooldown": 1,
        "condition": {
            "type": "origins:resource",
            "resource": "voidsent:displace_cooldown",
            "comparison": "==",
            "compare_to": 100
        },
        "key": {
            "key": "key.origins.primary_active",
            "continuous": true
        },
        "hud_render": {
            "should_render": false
        }
    },
    "main": {
        "type": "origins:active_self",
        "entity_action": {
            "type": "origins:if_else",
            "condition": {
                "type": "origins:raycast",
                "block": false,
                "entity": true,
                "shape_type": "visual",
                "fluid_handling": "none",
                "hit_bientity_condition": {
                    "type": "origins:target_condition",
                    "condition": {
                        "type": "origins:living"
                    }
                }
            },
            "if_action": {
                "type": "origins:and",
                "actions": [
                    {
                        "type": "origins:raycast",
                        "block": true,
                        "entity": true,
                        "shape_type": "visual",
                        "fluid_handling": "none",
                        "bientity_action": {
                            "type": "origins:target_action",
                            "action": {
                                "type": "origins:and",
                                "actions": [
                                    {
                                        "type": "origins:set_fall_distance",
                                        "fall_distance": 0
                                    },
                                    {
                                        "type": "origins:execute_command",
                                        "command": "tag @s add displace_tp"
                                    },
                                    {
                                        "type": "origins:execute_command",
                                        "command": "function voidsent:abilities/tp_particles"
                                    }
                                ]
                            }
                        },
                        "command_step": 0.25
                    },
                    {
                        "type": "origins:raycast",
                        "distance": 9,
                        "block": true,
                        "entity": false,
                        "shape_type": "visual",
                        "fluid_handling": "none",
                        "miss_action": {
                            "type": "origins:execute_command",
                            "command": "function voidsent:abilities/triggered"
                        },
                        "hit_action": {
                            "type": "origins:execute_command",
                            "command": "function voidsent:abilities/triggered"
                        },
                        "command_along_ray": "tp @n[tag=displace_tp] ~ ~ ~",
                        "command_step": 0.25,
                        "command_along_ray_only_on_hit": false
                    }
                ]
            },
            "else_action": {
                "type": "origins:raycast",
                "distance": 9,
                "block": true,
                "entity": false,
                "shape_type": "visual",
                "fluid_handling": "none",
                "before_action": {
                    "type": "origins:and",
                    "actions": [
                        {
                            "type": "origins:set_fall_distance",
                            "fall_distance": 0
                        },
                        {
                            "type": "origins:execute_command",
                            "command": "tag @s add displace_tp"
                        },
                        {
                            "type": "origins:execute_command",
                            "command": "function voidsent:abilities/tp_particles"
                        }
                    ]
                },
                "miss_action": {
                    "type": "origins:execute_command",
                    "command": "function voidsent:abilities/triggered"
                },
                "hit_action": {
                    "type": "origins:execute_command",
                    "command": "function voidsent:abilities/triggered"
                },
                "command_along_ray": "tp @n[tag=displace_tp] ~ ~ ~",
                "command_step": 0.25,
                "command_along_ray_only_on_hit": false
            }
        },
        "cooldown": 1,
        "key": "key.attack",
        "hud_render": {
            "should_render": false
        },
        "condition": {
            "type": "origins:and",
            "conditions": [
                {
                    "type": "origins:resource",
                    "resource": "voidsent:displace_holding_key",
                    "comparison": ">",
                    "compare_to": 0
                },
                {
                    "type": "origins:resource",
                    "resource": "voidsent:displace_cooldown",
                    "comparison": "==",
                    "compare_to": 100
                },
                {
                    "type": "origins:entity_set_size",
                    "set": "voidsent:nodes/ability_selected",
                    "comparison": "==",
                    "compare_to": 0
                },
                {
                    "inverted": true,
                    "type": "origins:raycast",
                    "distance": 192,
                    "block": false,
                    "entity": true,
                    "shape_type": "visual",
                    "fluid_handling": "none",
                    "hit_bientity_condition": {
                        "type": "origins:in_entity_set",
                        "set": "voidsent:nodes/ability_nodes"
                    }
                }
            ]
        }
    },
    "selected_node": {
        "type": "origins:active_self",
        "entity_action": {
            "type": "origins:if_else",
            "condition": {
                "type": "origins:raycast",
                "block": false,
                "entity": true,
                "shape_type": "visual",
                "fluid_handling": "none",
                "hit_bientity_condition": {
                    "type": "origins:target_condition",
                    "condition": {
                        "type": "origins:living"
                    }
                }
            },
            "if_action": {
                "type": "origins:and",
                "actions": [
                    {
                        "type": "origins:if_else",
                        "condition": {
                            "type": "origins:raycast",
                            "block": false,
                            "entity": true,
                            "shape_type": "visual",
                            "fluid_handling": "none",
                            "hit_bientity_condition": {
                                "type": "origins:target_condition",
                                "condition": {
                                    "type": "origins:and",
                                    "conditions": [
                                        {
                                            "type": "origins:entity_type",
                                            "entity_type": "minecraft:player"
                                        },
                                        {
                                            "type": "origins:inventory",
                                            "process_mode": "items",
                                            "slots": [
                                                "weapon.mainhand",
                                                "weapon.mainhand"
                                            ],
                                            "item_condition": {
                                                "type": "origins:custom_data",
                                                "nbt": "{null_book:1b}"
                                            },
                                            "comparison": "==",
                                            "compare_to": 0
                                        }
                                    ]
                                }
                            }
                        },
                        "if_action": {
                            "type": "origins:and",
                            "actions": [
                                {
                                    "type": "origins:raycast",
                                    "block": true,
                                    "entity": true,
                                    "shape_type": "visual",
                                    "fluid_handling": "none",
                                    "bientity_action": {
                                        "type": "origins:target_action",
                                        "action": {
                                            "type": "origins:and",
                                            "actions": [
                                                {
                                                    "type": "origins:set_fall_distance",
                                                    "fall_distance": 0
                                                },
                                                {
                                                    "type": "origins:execute_command",
                                                    "command": "tag @s add displace_tp"
                                                },
                                                {
                                                    "type": "origins:execute_command",
                                                    "command": "function voidsent:abilities/tp_particles"
                                                }
                                            ]
                                        }
                                    },
                                    "command_step": 0.25
                                },
                                {
                                    "type": "origins:raycast",
                                    "distance": 9,
                                    "block": true,
                                    "entity": false,
                                    "shape_type": "visual",
                                    "fluid_handling": "none",
                                    "miss_action": {
                                        "type": "origins:execute_command",
                                        "command": "function voidsent:abilities/triggered"
                                    },
                                    "hit_action": {
                                        "type": "origins:execute_command",
                                        "command": "function voidsent:abilities/triggered"
                                    },
                                    "command_along_ray": "tp @n[tag=displace_tp] ~ ~ ~",
                                    "command_step": 0.25,
                                    "command_along_ray_only_on_hit": false
                                }
                            ]
                        },
                        "else_action": {
                            "type": "origins:and",
                            "actions": [
                                {
                                    "type": "origins:raycast",
                                    "block": true,
                                    "entity": true,
                                    "shape_type": "visual",
                                    "fluid_handling": "none",
                                    "bientity_action": {
                                        "type": "origins:target_action",
                                        "action": {
                                            "type": "origins:and",
                                            "actions": [
                                                {
                                                    "type": "origins:set_fall_distance",
                                                    "fall_distance": 0
                                                },
                                                {
                                                    "type": "origins:execute_command",
                                                    "command": "tag @s add displace_tp"
                                                },
                                                {
                                                    "type": "origins:execute_command",
                                                    "command": "function voidsent:abilities/tp_particles"
                                                }
                                            ]
                                        }
                                    },
                                    "command_step": 0.25
                                },
                                {
                                    "type": "origins:action_on_entity_set",
                                    "set": "voidsent:nodes/ability_selected",
                                    "bientity_action": {
                                        "type": "origins:target_action",
                                        "action": {
                                            "type": "origins:execute_command",
                                            "command": "tp @n[tag=displace_tp] ~ ~ ~"
                                        }
                                    }
                                },
                                {
                                    "type": "origins:execute_command",
                                    "command": "function voidsent:abilities/triggered"
                                }
                            ]
                        }
                    }
                ]
            },
            "else_action": {
                "type": "origins:and",
                "actions": [
                    {
                        "type": "origins:set_fall_distance",
                        "fall_distance": 0
                    },
                    {
                        "type": "origins:execute_command",
                        "command": "tag @s add displace_tp"
                    },
                    {
                        "type": "origins:execute_command",
                        "command": "function voidsent:abilities/tp_particles"
                    },
                    {
                        "type": "origins:action_on_entity_set",
                        "set": "voidsent:nodes/ability_selected",
                        "bientity_action": {
                            "type": "origins:target_action",
                            "action": {
                                "type": "origins:execute_command",
                                "command": "tp @n[tag=displace_tp] ~ ~ ~"
                            }
                        }
                    },
                    {
                        "type": "origins:execute_command",
                        "command": "function voidsent:abilities/triggered"
                    }
                ]
            }
        },
        "cooldown": 1,
        "key": "key.attack",
        "hud_render": {
            "should_render": false
        },
        "condition": {
            "type": "origins:and",
            "conditions": [
                {
                    "type": "origins:resource",
                    "resource": "voidsent:displace_holding_key",
                    "comparison": ">",
                    "compare_to": 0
                },
                {
                    "type": "origins:resource",
                    "resource": "voidsent:displace_cooldown",
                    "comparison": "==",
                    "compare_to": 100
                },
                {
                    "type": "origins:entity_set_size",
                    "set": "voidsent:nodes/ability_selected",
                    "comparison": ">",
                    "compare_to": 0
                }
            ]
        }
    },
    "name": "Void: Displacement",
    "description": "Creating miniature \"wormholes\" is something that only your like can do.",
    "badges": [
        {
            "type": "origins:tooltip",
            "sprite": "minecraft:textures/mob_effect/glowing.png",
            "text": "§5§lVoid: Displacement §r§5🔄§r\n§5DISPLACE§7 will teleport you 9 blocks forward on a short cooldown.\nIf an entity is within your attack reach, the entity becomes the target of §5DISPLACE§7 and is teleported instead.\n\n§e⌛§r§7 Cooldown: §r§f5s\n§7§lActive Ability"
        },
        {
            "type": "origins:tooltip",
            "sprite": "origins:textures/gui/badge/toggle.png",
            "text": [
                "§7Hold §r[",
                {
                    "keybind": "key.origins.primary_active"
                },
                "]§7 and press §r[",
                {
                    "keybind": "key.attack"
                },
                "]§7 to use Displace!"
            ]
        }
    ]
}