{
    "type": "origins:multiple",
    "rescale":{
        "type": "origins:action_on_callback",
        "entity_action_lost": {
            "type": "origins:execute_command",
            "command": "scale reset"
        },
        "execute_chosen_when_orb": false
    },
    "duration": {
        "type": "origins:resource",
        "min": 0,
        "max": 900,
        "hud_render": {
            "should_render": true,
            "sprite_location": "origins:textures/gui/community/huang/resource_bar_02.png",
            "bar_index": 16,
            "condition": {
                "type": "origins:resource",
                "resource": "thallasion:tidal_duration",
                "comparison": ">",
                "compare_to": 0
            }
        },
        "min_action": {
            "type": "origins:execute_command",
            "command": "function thallasion:tidal_end"
        }
    },
    "duration_down": {
        "type": "origins:action_over_time",
        "entity_action": {
            "type": "origins:change_resource",
            "resource": "thallasion:tidal_duration",
            "change": -1
        },
        "interval": 1,
        "condition": {
            "type": "origins:resource",
            "resource": "thallasion:tidal_duration",
            "comparison": ">",
            "compare_to": 0
        }
    },
    "activation": {
        "type": "origins:active_self",
        "entity_action": {
            "type": "origins:execute_command",
            "command": "function thallasion:tidal_start"
        },
        "cooldown": 1200,
        "key": "key.origins.primary_active",
        "hud_render": {
            "should_render": true,
            "sprite_location": "origins:textures/gui/community/huang/resource_bar_02.png",
            "bar_index": 16,
            "condition": {
                "type": "origins:resource",
                "resource": "thallasion:tidal_duration",
                "comparison": "==",
                "compare_to": 0
            }
        }
    },
    "out_of_water": {
        "type": "origins:resource",
        "min": 0,
        "max": 100,
        "hud_render": {
            "should_render": false
        },
        "min_action": {
            "type": "origins:change_resource",
            "resource": "thallasion:tidal_duration",
            "change": 0,
            "operation": "set"
        }
    },
    "out_of_water_tick": {
        "type": "origins:action_over_time",
        "entity_action": {
            "type": "origins:if_else",
            "condition": {
                "type": "origins:fluid_height",
                "fluid": "minecraft:water",
                "comparison": "==",
                "compare_to": 0
            },
            "if_action": {
                "type": "origins:change_resource",
                "resource": "thallasion:tidal_out_of_water",
                "change": -1
            },
            "else_action": {
                "type": "origins:change_resource",
                "resource": "thallasion:tidal_out_of_water",
                "change": 100,
                "operation": "set"
            }
        },
        "interval": 1,
        "condition": {
            "type": "origins:resource",
            "resource": "thallasion:tidal_duration",
            "comparison": ">",
            "compare_to": 0
        }
    },
    "out_of_water_overlay1": {
        "type": "origins:overlay",
        "texture": "hypno:thallasion/water_still",
        "strength": 0.5,
        "red": 0.1,
        "green": 0.4,
        "blue": 0.6,
        "draw_mode": "texture",
        "draw_phase": "below_hud",
        "hide_with_hud": false,
        "visible_in_third_person": false,
        "condition": {
            "type": "origins:and",
            "conditions": [
                {
                    "type": "origins:resource",
                    "resource": "thallasion:tidal_out_of_water",
                    "comparison": ">",
                    "compare_to": 80
                },
                {
                    "type": "origins:resource",
                    "resource": "thallasion:tidal_out_of_water",
                    "comparison": "<=",
                    "compare_to": 100
                }
            ]
        }
    },
    "out_of_water_overlay2": {
        "type": "origins:overlay",
        "texture": "hypno:thallasion/water_still",
        "strength": 0.4,
        "red": 0.1,
        "green": 0.4,
        "blue": 0.6,
        "draw_mode": "texture",
        "draw_phase": "below_hud",
        "hide_with_hud": false,
        "visible_in_third_person": false,
        "condition": {
            "type": "origins:and",
            "conditions": [
                {
                    "type": "origins:resource",
                    "resource": "thallasion:tidal_out_of_water",
                    "comparison": ">",
                    "compare_to": 60
                },
                {
                    "type": "origins:resource",
                    "resource": "thallasion:tidal_out_of_water",
                    "comparison": "<=",
                    "compare_to": 80
                }
            ]
        }
    },
    "out_of_water_overlay3": {
        "type": "origins:overlay",
        "texture": "hypno:thallasion/water_still",
        "strength": 0.3,
        "red": 0.1,
        "green": 0.4,
        "blue": 0.6,
        "draw_mode": "texture",
        "draw_phase": "below_hud",
        "hide_with_hud": false,
        "visible_in_third_person": false,
        "condition": {
            "type": "origins:and",
            "conditions": [
                {
                    "type": "origins:resource",
                    "resource": "thallasion:tidal_out_of_water",
                    "comparison": ">",
                    "compare_to": 40
                },
                {
                    "type": "origins:resource",
                    "resource": "thallasion:tidal_out_of_water",
                    "comparison": "<=",
                    "compare_to": 60
                }
            ]
        }
    },
    "out_of_water_overlay4": {
        "type": "origins:overlay",
        "texture": "hypno:thallasion/water_still",
        "strength": 0.2,
        "red": 0.1,
        "green": 0.4,
        "blue": 0.6,
        "draw_mode": "texture",
        "draw_phase": "below_hud",
        "hide_with_hud": false,
        "visible_in_third_person": false,
        "condition": {
            "type": "origins:and",
            "conditions": [
                {
                    "type": "origins:resource",
                    "resource": "thallasion:tidal_out_of_water",
                    "comparison": ">",
                    "compare_to": 20
                },
                {
                    "type": "origins:resource",
                    "resource": "thallasion:tidal_out_of_water",
                    "comparison": "<=",
                    "compare_to": 40
                }
            ]
        }
    },
    "out_of_water_overlay5": {
        "type": "origins:overlay",
        "texture": "hypno:thallasion/water_still",
        "strength": 0.1,
        "red": 0.1,
        "green": 0.4,
        "blue": 0.6,
        "draw_mode": "texture",
        "draw_phase": "below_hud",
        "hide_with_hud": false,
        "visible_in_third_person": false,
        "condition": {
            "type": "origins:and",
            "conditions": [
                {
                    "type": "origins:resource",
                    "resource": "thallasion:tidal_out_of_water",
                    "comparison": ">",
                    "compare_to": 0
                },
                {
                    "type": "origins:resource",
                    "resource": "thallasion:tidal_out_of_water",
                    "comparison": "<=",
                    "compare_to": 20
                }
            ]
        }
    },
    "trance": {
        "type": "origins:overlay",
        "texture": "hypno:thallasion/splash",
        "strength": 0.4,
        "red": 1.0,
        "green": 1.0,
        "blue": 1.0,
        "draw_mode": "texture",
        "draw_phase": "below_hud",
        "hide_with_hud": false,
        "visible_in_third_person": false,
        "condition": {
            "type": "origins:resource",
            "resource": "thallasion:tidal_duration",
            "comparison": ">",
            "compare_to": 0
        }
    },
    "dash_readied": {
        "type": "origins:resource",
        "min": 0,
        "max": 1,
        "hud_render": {
            "should_render": false
        }
    },
    "dash": {
        "type": "origins:resource",
        "min": 0,
        "max": 30,
        "hud_render": {
            "should_render": true,
            "sprite_location": "origins:textures/gui/community/huang/resource_bar_01.png",
            "bar_index": 10,
            "condition": {
                "type": "origins:resource",
                "resource": "thallasion:tidal_dash",
                "comparison": ">",
                "compare_to": 0
            }
        },
        "max_action": {
            "type": "origins:execute_command",
            "command": "function thallasion:tidal_dash_readied"
        }
    },
    "dash_tick": {
        "type": "origins:action_over_time",
        "entity_action": {
            "type": "origins:change_resource",
            "resource": "thallasion:tidal_dash",
            "change": 1
        },
        "interval": 1,
        "condition": {
            "type": "origins:and",
            "conditions": [
                {
                    "type": "origins:resource",
                    "resource": "thallasion:tidal_duration",
                    "comparison": ">",
                    "compare_to": 0
                },
                {
                    "type": "origins:resource",
                    "resource": "thallasion:tidal_dash_readied",
                    "comparison": "==",
                    "compare_to": 0
                },
                {
                    "type": "origins:fluid_height",
                    "fluid": "minecraft:water",
                    "comparison": ">",
                    "compare_to": 0
                }
            ]
        }
    },
    "dash_use": {
        "type": "origins:action_over_time",
        "rising_action": {
            "type": "origins:and",
            "actions": [
                {
                    "type": "origins:add_velocity",
                    "z": 1.5,
                    "y": 0.2,
                    "space": "local_horizontal_normalized"
                },
                {
                    "type": "origins:execute_command",
                    "command": "function thallasion:dash_use"
                }
            ]
        },
        "interval": 1,
        "condition": {
            "type": "origins:and",
            "conditions": [
                {
                    "type": "origins:fall_flying"
                },
                {
                    "type": "origins:resource",
                    "resource": "thallasion:tidal_dash_readied",
                    "comparison": "==",
                    "compare_to": 1
                },
                {
                    "type": "origins:fluid_height",
                    "fluid": "minecraft:water",
                    "comparison": "==",
                    "compare_to": 0
                }
            ]
        }
    },
    "name": "Tidal Awakening",
    "description": "\"O' the waves... I must let them break and shape me into my true form.\"",
    "badges": [
        {
            "type": "origins:tooltip",
            "sprite": "origins:textures/gui/community/silent/badge/shapes/arrow_down.png",
            "text": "§b§lTidal Awakening §r§b🌊§r\n§fYou awaken your true form\n§7In this form, your wings go through water like air and you are slightly bigger.\nWhilst in this form, your wings become as strong as regular elytras; granting the ability §b\"Crashing Dive\"§7.\n\n§bCrashing Dive§7\nStaying in water for 1.5s will charge a dash that is used once coming out the water.\n§8(This can be triggered several times)\n\n§c🕕§r§7 Duration: §r§f45s§r§8\n§e⌛§r§7 Cooldown: §r§f1m\n§7§lActive Ability"
        },
        {
            "type": "origins:tooltip",
            "sprite": "origins:textures/gui/badge/active.png",
            "text": [
                "§7Press §r[",
                {
                    "keybind": "key.origins.primary_active"
                },
                "]§7 to awaken into your true form."
            ]
        }
    ]
}