{
    "type": "origins:multiple",
    "health": {
        "type": "origins:attribute",
        "modifier": {
            "id": "thallasion_health",
            "attribute": "minecraft:generic.max_health",
            "amount": 4,
            "operation": "add_value"
        }
    },
    "scale":{
        "type": "origins:action_on_callback",
        "entity_action_gained": {
            "type": "origins:execute_command",
            "command": "function thallasion:size"
        },
        "entity_action_lost": {
            "type": "origins:execute_command",
            "command": "scale reset"
        },
        "execute_chosen_when_orb": false
    },
    "name": "Titanical",
    "description": "The aquatic food chain is just a big buffet for your size.",
    "badges": [
        {
            "type": "origins:tooltip",
            "sprite": "minecraft:textures/mob_effect/jump_boost.png",
            "text": "§l§bTitanical §r§b🐳§r\n§7You are §a150%§7 bigger and have +2 §l§c❤§r\n\n§7§lPassive Ability"
        }
    ]
}