{
    "type": "origins:multiple",
    "health": {
        "type": "origins:attribute",
        "modifier": {
            "id": "kitsune_no_toughness",
            "attribute": "minecraft:generic.max_health",
            "operation": "add_value",
            "amount": -8
        }
    },
    "hurt": {
        "type": "origins:disable_regen",
        "condition": {
            "type": "origins:sprinting",
            "inverted": true
        }
    },
    "name": "Weak of Heart",
    "description": "Curse or not, your heart is quite fragile.",
    "badges": [
        {
            "type": "origins:tooltip",
            "sprite": "minecraft:textures/mob_effect/instant_damage.png",
            "text": "§c§lWeak of Heart §r§c💔§r\n§7You have §c-4 ❤§r§7 permanently.\n\n§7§lPassive Ability"
        }
    ]
}