{
    "type": "origins:multiple",
    "bonus": {
        "type": "origins:resource",
        "min": 0,
        "max": 1,
        "start_value": 0
    },
    "activate": {
        "type": "origins:active_self",
        "entity_action": {
            "type": "origins:and",
            "actions": [
                {
                    "type": "origins:add_velocity",
                    "z": 1,
                    "y": 0.2,
                    "space": "local"
                },
                {
                    "type": "origins:execute_command",
                    "command": "function kitsune:leap",
                    "permission_level": 4
                }
            ]
        },
        "cooldown": 120,
        "key": "key.origins.primary_active",
        "hud_render": {
            "should_render": true,
            "bar_index": 3,
            "sprite_location": "origins:textures/gui/community/huang/resource_bar_01.png"
        }
    },
    "landing": {
        "type": "origins:action_over_time",
        "interval": 1,
        "entity_action": {
            "type": "origins:execute_command",
            "command": "function kitsune:leap_land",
            "permission_level": 4
        },
        "condition": {
            "type": "origins:and",
            "conditions": [
                {
                    "type": "origins:on_block"
                },
                {
                    "type": "origins:resource",
                    "resource": "kitsune:leap_bonus",
                    "comparison": "==",
                    "compare_to": 1
                }
            ]
        }
    },
    "bonus_dmg":{
        "type": "origins:conditioned_attribute",
        "modifier": {
            "attribute": "additionalentityattributes:player.critical_bonus_damage",
            "operation": "add_value",
            "amount": 0.5,
            "id": "kitsune_bonus_crit"
        },
        "tick_rate": 1,
        "condition":  {
            "type": "origins:resource",
            "resource": "kitsune:leap_bonus",
            "comparison": "==",
            "compare_to": 1
        }
    },
    "crosshair": {
        "type": "origins:status_bar_texture",
        "texture_map": {
            "minecraft:hud/crosshair": "hypno:kitsune/crosshair"
        },
        "condition": {
            "type": "origins:resource",
            "resource": "kitsune:leap_bonus",
            "comparison": "==",
            "compare_to": 1
        }
    },
    "name": "Perfected Pounce",
    "description": "Foxes are well known for their deadly pounce.",
    "badges": [
        {
            "type": "origins:tooltip",
            "sprite": "minecraft:textures/mob_effect/slow_falling.png",
            "text": "§f§lPerfected Pounce §r§f☠§r\n§7You can pounce in whichever direction you're looking.\nIf you land a critical on your way down, your hit deals §a+50%§7 damage\n§8(landing resets the multiplier)\n\n§7§lActive Ability"
        }
    ]
}