{
    "type": "origins:multiple",
    "movement_speed": {
        "type": "origins:attribute",
        "modifier": {
            "id": "kitsune_speed",
            "attribute": "minecraft:generic.movement_speed",
            "operation": "add_value",
            "amount": 0.04
        }
    },
    "convert_air": {
        "type": "origins:attribute_modify_transfer",
        "class": "modify_air_speed",
        "attribute": "minecraft:generic.movement_speed",
        "multiplier": 0.4,
        "condition": {
            "type": "origins:resource",
            "resource": "kitsune:berries_spectral_duration",
            "comparison": "==",
            "compare_to": 0
        }
    },
    "invuln": {
        "type": "origins:invulnerability",
        "damage_condition": {
            "type": "origins:in_tag",
            "tag": "minecraft:is_fall"
        }
    },
    "name": "Pacing Paws",
    "description": "Paws said to be unmatched; Your moves are truly... legendary :D.",
    "badges": [
        {
            "type": "origins:tooltip",
            "sprite": "minecraft:textures/mob_effect/speed.png",
            "text": "§l§lPacing Paws §r§l🌫§r\n§7- You have §a+40%§7 movement speed.\n- §a40%§7 of your movement speed is converted to your air speed.\n- You are §aimmune§7 to fall damage.\n\n§7§lPassive Ability"
        }
    ]
}