{
    "type": "origins:multiple",
    "luck": {
        "type": "origins:replace_loot_table",
        "replace": {
            "minecraft:gameplay/fishing": "angler:gameplay/angler_fishing"
        },
        "bientity_condition": {
            "type": "origins:actor_condition",
            "condition": {
                "type": "origins:or",
                "conditions": [
                    {
                        "type": "origins:equipped_item",
                        "equipment_slot": "mainhand",
                        "item_condition": {
                            "type": "origins:custom_data",
                            "nbt": "{angler:1b}"
                        }
                    },
                    {
                        "type": "origins:equipped_item",
                        "equipment_slot": "offhand",
                        "item_condition": {
                            "type": "origins:custom_data",
                            "nbt": "{angler:1b}"
                        }
                    }
                ]
            }
        }
    },
    "water_aspect": {
        "type": "origins:item_on_item",
        "on_item_condition": {
            "type": "origins:ingredient",
            "ingredient": {
                "item": "minecraft:book"
            }
        },
        "using_item_condition": {
            "type": "origins:custom_data",
            "nbt": "{legendary_pufferfish:1b}"
        },
        "using_item_action": {
            "type": "origins:consume",
            "amount": 1
        },
        "on_item_action": {
            "type": "origins:consume",
            "amount": 1
        },
        "result": {
            "id": "minecraft:enchanted_book",
            "components": {
                "minecraft:custom_data": {
                    "Water_Aspect": true
                },
                "minecraft:stored_enchantments": {
                    "angler:water_aspect": 1
                }
            }
        }
    },
    "treasure": {
        "type": "origins:item_on_item",
        "on_item_condition": {
            "type": "origins:and",
            "conditions": [
                {
                    "type": "origins:custom_data",
                    "nbt": "{angler:1b}",
                    "inverted": true
                },
                {
                    "type": "origins:ingredient",
                    "ingredient": {
                        "item": "minecraft:fishing_rod"
                    }
                }
            ]
        },
        "using_item_condition": {
            "type": "origins:custom_data",
            "nbt": "{legendary_salmon:1b}"
        },
        "using_item_action": {
            "type": "origins:consume",
            "amount": 1
        },
        "result_item_action": {
            "type": "origins:modify",
            "modifier": "angler:apply_treasure"
        }
    },
   "name": "Fisher of Legends",
    "description": "Legends say the Angler could feed an entire village by themselves...\nThey were right.",
    "badges": [
        {
            "type": "origins:tooltip",
            "sprite": "minecraft:textures/item/fishing_rod.png",
            "text": "§3§lAngler's Rod 🎣§r\n§7You spawn in with an §r§aUnbreakable§r\n§7fishing rod that even returns on death.\n§7When catching fish, you have §r§a4x§r§7 the normal yield.\n\n§7§lPassive Ability"
        },
        {
            "type": "origins:tooltip",
            "sprite": "hypno:textures/item/angler/treasure.png",
            "text": "§e§lDeep Treasure 🌟§r\n§7Whilst fishing, you have a small chance to catch §6[Rare Treasure]§7!\nThis is used for upgrading your main tools.\n\n§7§lPassive Ability"
        }
    ]
}