{
    "type": "origins:multiple",
    "binded": {
        "type": "origins:entity_set"
    },
    "spawn": {
        "type": "origins:action_on_block_use",
        "block_action": {
            "type": "origins:offset",
            "action": {
                "type": "origins:and",
                "actions": [
                    {
                        "type": "origins:execute_command",
                        "command": "execute positioned ~ ~-0.5 ~ run function necron:gate/spawn"
                    },
                    {
                        "type": "origins:spawn_entity",
                        "entity_type": "minecraft:shulker",
                        "tag": "{Silent:1b,Invulnerable:1b,DeathLootTable:\"minecraft:empty\",PersistenceRequired:1b,NoAI:1b,CanPickUpLoot:0b,AttachFace:0b,Tags:[\"necron_eternity_gate\",\"bind_gate\"]}",
                        "entity_action": {
                            "type": "origins:execute_command",
                            "command": "function necron:gate/shulker"
                        }
                    }
                ]
            },
            "y": 1
        },
        "entity_action": {
            "type": "origins:selector_action",
            "selector": "@n[type=shulker,tag=necron_eternity_gate]",
            "bientity_action": {
                "type": "origins:and",
                "actions": [
                    {
                        "type": "origins:actor_action",
                        "action": {
                            "type": "origins:execute_command",
                            "command": "function necron:gate/link_gate"
                        }
                    },
                    {
                        "type": "origins:add_to_entity_set",
                        "set": "necron:gate/open_binded"
                    },
                    {
                        "type": "origins:target_action",
                        "action": {
                            "type": "origins:execute_command",
                            "command": "tag @s remove bind_gate"
                        }
                    }
                ]
            }
        },
        "usage_phases": [
            "block"
        ],
        "block_condition": {
            "type": "origins:and",
            "conditions": [
                {
                    "type": "origins:movement_blocking"
                },
                {
                    "type": "origins:offset",
                    "condition": {
                        "type": "origins:block",
                        "block": "minecraft:air"
                    },
                    "y": 1
                },
                {
                    "type": "origins:offset",
                    "condition": {
                        "type": "origins:block",
                        "block": "minecraft:air"
                    },
                    "y": 2
                },
                {
                    "type": "origins:offset",
                    "condition": {
                        "type": "origins:block",
                        "block": "minecraft:obsidian"
                    },
                    "x": 1
                },
                {
                    "type": "origins:offset",
                    "condition": {
                        "type": "origins:block",
                        "block": "minecraft:obsidian"
                    },
                    "x": -1
                },
                {
                    "type": "origins:offset",
                    "condition": {
                        "type": "origins:block",
                        "block": "minecraft:obsidian"
                    },
                    "z": 1
                },
                {
                    "type": "origins:offset",
                    "condition": {
                        "type": "origins:block",
                        "block": "minecraft:obsidian"
                    },
                    "z": -1
                }
            ]
        },
        "directions": [
            "up"
        ],
        "condition": {
            "type": "origins:and",
            "conditions": [
                {
                    "type": "origins:resource",
                    "resource": "necron:gate/open_holding_key",
                    "comparison": ">",
                    "compare_to": 0
                },
                {
                    "type": "origins:entity_set_size",
                    "set": "necron:gate/open_binded",
                    "comparison": "==",
                    "compare_to": 0
                }
            ]
        }
    },
    "holding_key": {
        "type": "origins:resource",
        "min": 0,
        "max": 3,
        "hud_render": {
            "should_render": false
        }
    },
    "unheld_key": {
        "type": "origins:action_over_time",
        "entity_action": {
            "type": "origins:change_resource",
            "resource": "necron:gate/open_holding_key",
            "change": -1
        },
        "interval": 1
    },
    "title": {
        "type": "origins:action_over_time",
        "entity_action": {
            "type": "origins:and",
            "actions": [
                {
                    "type": "origins:if_else",
                    "condition": {
                        "type": "origins:entity_set_size",
                        "set": "necron:gate/open_binded",
                        "comparison": ">",
                        "compare_to": 0
                    },
                    "if_action": {
                        "type": "origins:if_else",
                        "condition": {
                            "type": "origins:has_command_tag",
                            "command_tag": "player_eternity_gate"
                        },
                        "if_action": {
                            "type": "origins:execute_command",
                            "command": "function necron:gate/indicator_player_gate"
                        },
                        "else_action": {
                            "type": "origins:execute_command",
                            "command": "function necron:gate/indicator_gate"
                        }
                    },
                    "else_action": {
                        "type": "origins:if_else",
                        "condition": {
                            "type": "origins:has_command_tag",
                            "command_tag": "player_eternity_gate"
                        },
                        "if_action": {
                            "type": "origins:execute_command",
                            "command": "function necron:gate/indicator_player_gate"
                        },
                        "else_action": {
                            "type": "origins:execute_command",
                            "command": "function necron:gate/indicator_no_gate"
                        }
                    }
                }
            ]
        },
        "interval": 1,
        "condition": {
            "type": "origins:resource",
            "resource": "necron:gate/open_holding_key",
            "comparison": ">",
            "compare_to": 0
        }
    },
    "use": {
        "type": "origins:active_self",
        "entity_action": {
            "type": "origins:change_resource",
            "resource": "necron:gate/open_holding_key",
            "change": 3,
            "operation": "set"
        },
        "cooldown": 1,
        "key": {
            "key": "key.origins.secondary_active",
            "continuous": true
        },
        "hud_render": {
            "should_render": false
        }
    },
    "teleport": {
        "type": "origins:active_self",
        "entity_action": {
            "type": "origins:if_else",
            "condition": {
                "type": "origins:entity_set_size",
                "set": "necron:gate/open_binded",
                "comparison": ">",
                "compare_to": 0
            },
            "if_action": {
                "type": "origins:if_else",
                "condition": {
                    "type": "origins:has_command_tag",
                    "command_tag": "player_eternity_gate"
                },
                "if_action": {
                    "type": "origins:execute_command",
                    "command": "function necron:gate/player_tp"
                },
                "else_action": {
                    "type": "origins:and",
                    "actions": [
                        {
                            "type": "origins:execute_command",
                            "command": "tag @s add gate_teleport"
                        },
                        {
                            "type": "origins:action_on_entity_set",
                            "set": "necron:gate/open_binded",
                            "bientity_action": {
                                "type": "origins:target_action",
                                "action": {
                                    "type": "origins:execute_command",
                                    "command": "function necron:gate/gate_tp"
                                }
                            }
                        },
                        {
                            "type": "origins:execute_command",
                            "command": "tag @s remove gate_teleport"
                        }
                    ]
                }
            },
            "else_action": {
                "type": "origins:if_else",
                "condition": {
                    "type": "origins:has_command_tag",
                    "command_tag": "player_eternity_gate"
                },
                "if_action": {
                    "type": "origins:execute_command",
                    "command": "function necron:gate/player_tp"
                }
            }
        },
        "cooldown": 1,
        "key": {
            "key": "key.attack"
        },
        "hud_render": {
            "should_render": false
        },
        "condition": {
            "type": "origins:resource",
            "resource": "necron:gate/open_holding_key",
            "comparison": ">",
            "compare_to": 0
        }
    },
    "crosshair": {
        "type": "origins:status_bar_texture",
        "texture_map": {
            "minecraft:hud/crosshair": "hypno:necron/crosshair_secondary"
        },
        "condition": {
            "type": "origins:resource",
            "resource": "necron:gate/open_holding_key",
            "comparison": ">",
            "compare_to": 0
        }
    },
    "detect_gate": {
        "type": "origins:action_over_time",
        "rising_action": {
            "type": "origins:execute_command",
            "command": "tag @s add player_eternity_gate"
        },
        "falling_action": {
            "type": "origins:execute_command",
            "command": "tag @s remove player_eternity_gate"
        },
        "interval": 1,
        "condition": {
            "type": "origins:command",
            "command": "execute if entity @a[predicate=necron:holding_gate]",
            "comparison": ">=",
            "compare_to": 1
        }
    },
    "craft_gate": {
        "type": "origins:modify_crafting",
        "recipe": "necron:eternity_gate",
        "result": {
            "id": "minecraft:lime_dye",
            "components": {
                "minecraft:custom_name": "[{\"text\":\"Eternity Gate\",\"italic\":false}]",
                "minecraft:max_stack_size": 1,
                "minecraft:rarity": "uncommon",
                "minecraft:custom_model_data": 2,
                "minecraft:custom_data": {
                    "Eternity_Gate": true
                }
            }
        }
    },
    "name": "Dynastic Domain",
    "description": "The necron's tools cut through the triarch's enemies and blocks like butter.",
    "badges": [
        {
            "type": "origins:tooltip",
            "sprite": "origins:textures/gui/badge/info.png",
            "text": "You have immunity to all effects except Instant Harming and Bad, Raid, and Trial Omens. You cannot eat chorus fruit or use enderpearls."
        }
    ]
}