{
    "type": "origins:multiple",
    "binded": {
        "type": "origins:entity_set"
    },
    "spawn": {
        "type": "origins:action_on_block_use",
        "block_action": {
            "type": "origins:offset",
            "action": {
                "type": "origins:and",
                "actions": [
                    {
                        "type": "origins:execute_command",
                        "command": "execute positioned ~ ~-0.5 ~ run function necron:gate/spawn"
                    },
                    {
                        "type": "origins:spawn_entity",
                        "entity_type": "minecraft:shulker",
                        "tag": "{Silent:1b,Invulnerable:1b,DeathLootTable:\"minecraft:empty\",PersistenceRequired:1b,NoAI:1b,CanPickUpLoot:0b,AttachFace:0b,Tags:[\"necron_eternity_gate\"]}",
                        "entity_action": {
                            "type": "origins:execute_command",
                            "command": "function necron:gate/shulker"
                        }
                    }
                ]
            },
            "y": 1
        },
        "block_condition": {
            "type": "origins:and",
            "conditions": [
                {
                    "type": "origins:movement_blocking"
                },
                {
                    "type": "origins:offset",
                    "condition": {
                        "type": "origins:block",
                        "block": "minecraft:air"
                    },
                    "y": 1
                },
                {
                    "type": "origins:offset",
                    "condition": {
                        "type": "origins:block",
                        "block": "minecraft:air"
                    },
                    "y": 2
                },
                {
                    "type": "origins:offset",
                    "condition": {
                        "type": "origins:movement_blocking"
                    },
                    "x": 1
                },
                {
                    "type": "origins:offset",
                    "condition": {
                        "type": "origins:movement_blocking"
                    },
                    "x": -1
                },
                {
                    "type": "origins:offset",
                    "condition": {
                        "type": "origins:movement_blocking"
                    },
                    "z": 1
                },
                {
                    "type": "origins:offset",
                    "condition": {
                        "type": "origins:movement_blocking"
                    },
                    "z": -1
                }
            ]
        },
        "directions": [
            "up"
        ],
        "condition": {
            "type": "origins:resource",
            "resource": "necron:gate/open_holding_key",
            "comparison": ">",
            "compare_to": 0
        }
    },
    "holding_key": {
        "type": "origins:resource",
        "min": 0,
        "max": 3,
        "hud_render": {
            "should_render": false
        }
    },
    "unheld_key": {
        "type": "origins:action_over_time",
        "entity_action": {
            "type": "origins:change_resource",
            "resource": "necron:gate/open_holding_key",
            "change": -1
        },
        "interval": 1
    },
    "use": {
        "type": "origins:active_self",
        "entity_action": {
            "type": "origins:change_resource",
            "resource": "necron:gate/open_holding_key",
            "change": 3,
            "operation": "set"
        },
        "cooldown": 1,
        "key": {
            "key": "key.origins.secondary_active",
            "continuous": true
        },
        "hud_render": {
            "should_render": false
        }
    },
    "crosshair": {
        "type": "origins:status_bar_texture",
        "texture_map": {
            "minecraft:hud/crosshair": "hypno:necron/crosshair"
        },
        "condition": {
            "type": "origins:resource",
            "resource": "necron:gate/open_holding_key",
            "comparison": ">",
            "compare_to": 0
        }
    },
    "name": "Dynastic Domain",
    "description": "The necron's tools cut through the triarch's enemies and blocks like butter.",
    "badges": [
        {
            "type": "origins:tooltip",
            "sprite": "origins:textures/gui/badge/info.png",
            "text": "You have immunity to all effects except Instant Harming and Bad, Raid, and Trial Omens. You cannot eat chorus fruit or use enderpearls."
        }
    ]
}