{
  "description": "Resonant",
  "exclusive_set": "minecraft:silk_touch",
  "supported_items": "#minecraft:enchantable/mining_loot",
  "weight": 100,
  "max_level": 3,
  "min_cost": {
    "base": 1,
    "per_level_above_first": 11
  },
  "max_cost": {
    "base": 21,
    "per_level_above_first": 11
  },
  "anvil_cost": 1,
  "slots": [
    "mainhand"
  ],
  "effects": {
    "minecraft:block_experience": [
      {
        "effect": {
          "type": "minecraft:multiply",
          "factor": {
            "type": "minecraft:linear",
            "base": 1.25,
            "per_level_above_first": 0.25
          }
        }
      }
    ]
  }
}