{
    "type": "origins:multiple",
    "size": {
        "type": "origins:action_on_callback",
        "entity_action_gained": {
            "type": "origins:execute_command",
            "command": "scale set pehkui:base 0.9 @s"
        },
        "entity_action_lost": {
            "type": "origins:execute_command",
            "command": "scale set pehkui:base 1 @s"
        },
        "execute_chosen_when_orb": true
    },
    "name": "Small Stature",
    "description": "You stand tarnished at a 5'3",
    "badges": [
        {
            "type": "origins:tooltip",
            "sprite": "origins:textures/gui/community/silent/badge/shapes/arrow_down.png",
            "text": "§e§lSmall Stature §r§e🧚§r\n§7You are 1.75 blocks tall.\n\n§7§lPassive Ability"
        }
    ]
}