{
    "type": "origins:multiple",
    "duration": {
        "type": "origins:resource",
        "min": 0,
        "max": 50,
        "start_value": 50,
        "hud_render": {
            "should_render": false
        },
        "min_action": {
            "type": "origins:and",
            "actions": [
                {
                    "type": "origins:set_fall_distance",
                    "fall_distance": 0
                },
                {
                    "type": "origins:execute_command",
                    "command": "power revoke @s angler:sword/drenched"
                }
            ]
        }
    },
    "duration_down": {
        "type": "origins:action_over_time",
        "entity_action": {
            "type": "origins:change_resource",
            "resource": "angler:sword/drenched_duration",
            "change": -10
        },
        "interval": 10
    },
    "tag": {
        "type": "origins:action_on_callback",
        "entity_action_gained": {
            "type": "origins:execute_command",
            "command": "tag @s add drenched"
        },
        "entity_action_lost": {
            "type": "origins:execute_command",
            "command": "tag @s remove drenched"
        }
    },
    "slow_fall": {
        "type": "origins:modify_falling",
        "velocity": 0.04,
        "take_fall_damage": false
    },
    "model":{
        "type": "origins:model_color",
        "blue": 1,
        "red": 0.5,
        "green": 0.5,
        "alpha": 1
    },
    "slowed":{
        "type": "origins:attribute",
        "modifier": {
            "id": "angler:drenched_slowed",
            "attribute": "minecraft:generic.movement_speed",
            "amount": -0.01,
            "operation": "add_value"
        }
    },
    "hidden": true
}