[
    {
        "function": "apoli:remove_power",
        "power": "angler:fishing/tiers/lvl3",
        "slot": "any"
    },
    {
        "function": "apoli:add_power",
        "power": "angler:fishing/tiers/lvl4",
        "slot": "any",
        "negative": false,
        "hidden": true
    },
    {
        "function": "minecraft:set_lore",
        "entity": "this",
        "lore": [
            {
                "text": "(TIER IV)",
                "color": "dark_aqua",
                "italic": false
            }
        ],
        "mode": "replace_all"
    },
    {
        "function": "minecraft:set_enchantments",
        "enchantments": {
          "minecraft:lure": 5,
          "minecraft:luck_of_the_sea": 4
        },
        "add": false
    }
]