{
    "type": "origins:multiple",
    "craft_homing": {
        "type": "origins:modify_crafting",
        "recipe": "chosen:homing",
        "result": {
            "id": "minecraft:book",
            "components": {
                "minecraft:custom_name": "[{\"text\":\"SORCERY: Homing Souls\",\"italic\":false}]",
                "minecraft:rarity": "rare",
                "minecraft:custom_data": {
                    "Chosen_Book": true,
                    "Homing": true
                }
            }
        }
    },
    "cooldown": {
        "type": "origins:resource",
        "min": 0,
        "max": 10,
        "start_value": 0
    },
    "drain_cooldown": {
        "type": "origins:action_over_time",
        "entity_action": {
            "type": "origins:change_resource",
            "resource": "chosen:spells/homing_cooldown",
            "change": -1
        },
        "interval": 1
    },
    "use": {
        "type": "origins:active_self",
        "entity_action": {
            "type": "origins:and",
            "actions": [
                {
                    "type": "origins:exhaust",
                    "amount": 1
                },
                {
                    "type": "origins:change_resource",
                    "resource": "chosen:spells/staff_souls",
                    "change": -10
                },
                {
                    "type": "origins:change_resource",
                    "resource": "chosen:spells/homing_cooldown",
                    "change": 10,
                    "operation": "set"
                },
                {
                    "type": "origins:raycast",
                    "distance": 32,
                    "block": true,
                    "entity": true,
                    "shape_type": "visual",
                    "fluid_handling": "none",
                    "bientity_action": {
                        "type": "origins:target_action",
                        "action": {
                            "type": "origins:execute_command",
                            "command": "tag @s add homing_target"
                        }
                    },
                    "command_step": 0.5
                },
                {
                    "type": "origins:execute_command",
                    "command": "function chosen:homing_orbs"
                },
                {
                    "type": "origins:selector_action",
                    "selector": "@e[tag=homing_orb,tag=!target_found]",
                    "bientity_action": {
                        "type": "origins:target_action",
                        "action": {
                            "type": "origins:and",
                            "actions": [
                                {
                                    "type": "origins:execute_command",
                                    "command": "tag @s add target_found"
                                },
                                {
                                    "type": "origins:selector_action",
                                    "selector": "@n[tag=homing_target]",
                                    "bientity_action": {
                                        "type": "origins:add_to_entity_set",
                                        "set": "chosen:spells/homing_orb_target"
                                    }
                                }
                            ]
                        }
                    }
                },
                {
                    "type": "origins:execute_command",
                    "command": "tag @e remove homing_target"
                }
            ]
        },
        "cooldown": 1,
        "condition": {
            "type": "origins:and",
            "conditions": [
                {
                    "type": "origins:raycast",
                    "distance": 32,
                    "block": false,
                    "entity": true,
                    "shape_type": "visual",
                    "fluid_handling": "none",
                    "hit_bientity_condition": {
                        "type": "origins:target_condition",
                        "condition": {
                            "type": "origins:living"
                        }
                    }
                },
                {
                    "type": "origins:resource",
                    "resource": "chosen:spells/staff_souls",
                    "comparison": ">=",
                    "compare_to": 10
                },
                {
                    "type": "origins:resource",
                    "resource": "chosen:spells/homing_cooldown",
                    "comparison": "==",
                    "compare_to": 0
                },
                {
                    "type": "origins:equipped_item",
                    "equipment_slot": "mainhand",
                    "item_condition": {
                        "type": "origins:custom_data",
                        "nbt": "{Sorcery_Staff: 1b}"
                    }
                },
                {
                    "type": "origins:equipped_item",
                    "equipment_slot": "offhand",
                    "item_condition": {
                        "type": "origins:custom_data",
                        "nbt": "{Homing: 1b}"
                    }
                }
            ]
        },
        "key": {
            "key": "key.use"
        },
        "hud_render": {
            "should_render": false
        }
    },
    "hidden": true
}