{
    "type": "origins:multiple",
    "double": {
        "type": "origins:resource",
        "min": 0,
        "max": 1,
        "start_value": 1
    },
    "jumpcheckresource": {
        "type": "origins:resource",
        "min": 0,
        "max": 1,
        "start_value": 0
    },
    "jump": {
        "type": "origins:active_self",
        "hud_render": {
            "should_render": false
        },
        "key": {
            "key": "key.jump"
        },
        "cooldown": 0,
        "entity_action": {
            "type": "origins:and",
            "actions": [
                {
                    "type": "origins:add_velocity",
                    "y": 0.75,
                    "space": "world",
                    "set": true
                },
                {
                    "type": "origins:execute_command",
                    "command": "function kitsune:doublejump_main",
                    "permission_level": 4
                }
            ]
        },
        "condition": {
            "type": "origins:and",
            "conditions": [
                {
                    "type": "origins:resource",
                    "resource": "*:*_double",
                    "comparison": ">",
                    "compare_to": 0
                },
                {
                    "type": "origins:sneaking",
                    "inverted": true
                },
                {
                    "type": "origins:on_block",
                    "inverted": true
                },
                {
                    "type": "origins:resource",
                    "resource": "*:*_jumpcheckresource",
                    "comparison": ">=",
                    "compare_to": 1
                },
                {
                    "type": "origins:gamemode",
                    "gamemode": "creative",
                    "inverted": true
                },
                {
                    "type": "origins:gamemode",
                    "gamemode": "spectator",
                    "inverted": true
                },
                {
                    "type": "origins:in_block",
                    "block_condition": {
                        "type": "origins:and",
                        "conditions": [
                            {
                                "type": "origins:block",
                                "block": "minecraft:water",
                                "inverted": true
                            },
                            {
                                "type": "origins:block",
                                "block": "minecraft:lava",
                                "inverted": true
                            }
                        ]
                    }
                }
            ]
        }
    },
    "jumphorizontal": {
        "type": "origins:active_self",
        "hud_render": {
            "should_render": false
        },
        "key": {
            "key": "key.jump"
        },
        "cooldown": 0,
        "entity_action": {
            "type": "origins:and",
            "actions": [
                {
                    "type": "origins:add_velocity",
                    "z": 0.75,
                    "space": "local_horizontal_normalized",
                    "set": true
                },
                {
                    "type": "origins:execute_command",
                    "command": "function kitsune:doublejump_main",
                    "permission_level": 4
                }
            ]
        },
        "condition": {
            "type": "origins:and",
            "conditions": [
                {
                    "type": "origins:resource",
                    "resource": "*:*_double",
                    "comparison": ">",
                    "compare_to": 0
                },
                {
                    "type": "origins:sneaking"
                },
                {
                    "type": "origins:on_block",
                    "inverted": true
                },
                {
                    "type": "origins:resource",
                    "resource": "*:*_jumpcheckresource",
                    "comparison": ">=",
                    "compare_to": 1
                },
                {
                    "type": "origins:gamemode",
                    "gamemode": "creative",
                    "inverted": true
                },
                {
                    "type": "origins:gamemode",
                    "gamemode": "spectator",
                    "inverted": true
                },
                {
                    "type": "origins:in_block",
                    "block_condition": {
                        "type": "origins:and",
                        "conditions": [
                            {
                                "type": "origins:block",
                                "block": "minecraft:water",
                                "inverted": true
                            },
                            {
                                "type": "origins:block",
                                "block": "minecraft:lava",
                                "inverted": true
                            }
                        ]
                    }
                }
            ]
        }
    },
    "onlysecondjump": {
        "type": "origins:active_self",
        "key": {
            "key": "key.jump"
        },
        "cooldown": 0,
        "entity_action": {
            "type": "origins:change_resource",
            "resource": "*:*_jumpcheckresource",
            "change": 1
        },
        "condition": {
            "type": "origins:resource",
            "resource": "*:*_jumpcheckresource",
            "comparison": ">=",
            "compare_to": 0
        }
    },
    "jump_regen": {
        "type": "origins:action_over_time",
        "interval": 1,
        "entity_action": {
            "type": "origins:and",
            "actions": [
                {
                    "type": "origins:change_resource",
                    "resource": "*:*_double",
                    "change": 1
                },
                {
                    "type": "origins:change_resource",
                    "resource": "*:*_jumpcheckresource",
                    "change": 0,
                    "operation": "set"
                }
            ]
        },
        "condition": {
            "type": "origins:on_block"
        }
    },
    "name": "Bouncing Back",
    "description": "Your godlike movement isn't limited to the horizontal axis",
    "badges": [
        {
            "type": "origins:tooltip",
            "sprite": "minecraft:textures/mob_effect/jump_boost.png",
            "text": "§b§lBouncing Back §r§b🆙§r\n§7You can double-jump.\nWhilst sneaking, the double jump is redirected where you're looking.\n§8(Double jump resets upon landing)\n\n§7§lActive Ability"
        }
    ]
}