{
    "type": "origins:multiple",
    "duration": {
        "type": "origins:resource",
        "min": 0,
        "max": 100,
        "start_value": 100,
        "hud_render": {
            "should_render": false
        },
        "min_action": {
            "type": "origins:execute_command",
            "command": "power revoke @s thallasion:acid/oozed"
        }
    },
    "effects": {
        "type": "origins:action_on_callback",
        "entity_action_gained": {
            "type": "origins:execute_command",
            "command": "function thallasion:oozed_effects"
        },
        "execute_chosen_when_orb": true
    },
    "duration_tick": {
        "type": "origins:action_over_time",
        "entity_action": {
            "type": "origins:change_resource",
            "resource": "thallasion:acid/oozed_duration",
            "change": -1
        },
        "interval": 1
    },
    "model_color":{
        "type": "origins:model_color",
        "red": 0.1,
        "green": 0.3,
        "blue": 0.1,
        "alpha": 0.9
    },
    "armor": {
        "type": "origins:attribute",
        "modifier": {
            "id": "acid_armor",
            "attribute": "minecraft:generic.armor",
            "amount": -0.25,
            "operation": "add_multiplied_base"
        }
    },
    "hidden": true
}