{
    "type": "origins:multiple",
    "nodes": {
        "type": "origins:entity_set"
    },
    "display_glow": {
        "type": "origins:entity_set"
    },
    "selected": {
        "type": "origins:entity_set"
    },
    "select": {
        "type": "origins:active_self",
        "entity_action": {
            "type": "origins:if_else",
            "condition": {
                "type": "origins:raycast",
                "distance": 192,
                "block": false,
                "entity": true,
                "shape_type": "visual",
                "fluid_handling": "none",
                "hit_bientity_condition": {
                    "type": "origins:in_entity_set",
                    "set": "voidsent:nodes/ability_selected"
                }
            },
            "if_action": {
                "type": "origins:and",
                "actions": [
                    {
                        "type": "origins:execute_command",
                        "command": "playsound minecraft:block.end_portal_frame.fill player @s ~ ~ ~ 1 1.2"
                    },
                    {
                        "type": "origins:action_on_entity_set",
                        "set": "voidsent:nodes/ability_selected",
                        "bientity_action": {
                            "type": "origins:remove_from_entity_set",
                            "set": "voidsent:nodes/ability_selected"
                        }
                    }
                ]
            },
            "else_action": {
                "type": "origins:raycast",
                "distance": 192,
                "block": false,
                "entity": true,
                "shape_type": "visual",
                "fluid_handling": "none",
                "before_action": {
                    "type": "origins:action_on_entity_set",
                    "set": "voidsent:nodes/ability_selected",
                    "bientity_action": {
                        "type": "origins:remove_from_entity_set",
                        "set": "voidsent:nodes/ability_selected"
                    }
                },
                "bientity_action": {
                    "type": "origins:and",
                    "actions": [
                        {
                            "type": "origins:add_to_entity_set",
                            "set": "voidsent:nodes/ability_selected"
                        },
                        {
                            "type": "origins:actor_action",
                            "action": {
                                "type": "origins:execute_command",
                                "command": "playsound minecraft:block.end_portal_frame.fill player @s ~ ~ ~ 1 2"
                            }
                        },
                        {
                            "type": "origins:target_action",
                            "action": {
                                "type": "origins:and",
                                "actions": [
                                    {
                                        "type": "origins:execute_command",
                                        "command": "execute on vehicle run tag @s add selected_node"
                                    },
                                    {
                                        "type": "origins:execute_command",
                                        "command": "execute as @n[tag=aj.void_node.bone.heavy_core] run tag @s add selected_node"
                                    },
                                    {
                                        "type": "origins:execute_command",
                                        "command": "execute as @n[tag=aj.void_node.bone.crying_obsidian] run tag @s add selected_node"
                                    }
                                ]
                            }
                        },
                        {
                            "type": "origins:actor_action",
                            "action": {
                                "type": "origins:selector_action",
                                "selector": "@e[tag=selected_node]",
                                "bientity_action": {
                                    "type": "origins:and",
                                    "actions": [
                                        {
                                            "type": "origins:add_to_entity_set",
                                            "set": "voidsent:nodes/ability_selected"
                                        },
                                        {
                                            "type": "origins:target_action",
                                            "action": {
                                                "type": "origins:execute_command",
                                                "command": "tag @s remove selected_node"
                                            }
                                        }
                                    ]
                                }
                            }
                        }
                    ]
                },
                "bientity_condition": {
                    "type": "origins:in_entity_set",
                    "set": "voidsent:nodes/ability_nodes"
                },
                "command_step": 0.25
            }
        },
        "cooldown": 1,
        "key": "key.use",
        "hud_render": {
            "should_render": false
        },
        "condition": {
            "type": "origins:and",
            "conditions": [
                {
                    "type": "origins:equipped_item",
                    "inverted": true,
                    "equipment_slot": "mainhand",
                    "item_condition": {
                        "type": "origins:custom_data",
                        "nbt": "{null_book:1b}"
                    }
                },
                {
                    "type": "origins:resource",
                    "resource": "voidsent:displace_holding_key",
                    "comparison": ">",
                    "compare_to": 0
                },
                {
                    "type": "origins:raycast",
                    "distance": 192,
                    "block": false,
                    "entity": true,
                    "shape_type": "visual",
                    "fluid_handling": "none",
                    "hit_bientity_condition": {
                        "type": "origins:in_entity_set",
                        "set": "voidsent:nodes/ability_nodes"
                    }
                }
            ]
        }
    },
    "main": {
        "type": "origins:active_self",
        "entity_action": {
            "type": "origins:if_else",
            "condition": {
                "inverted": true,
                "type": "origins:raycast",
                "distance": 192,
                "block": false,
                "entity": true,
                "shape_type": "visual",
                "fluid_handling": "none",
                "hit_bientity_condition": {
                    "type": "origins:in_entity_set",
                    "set": "voidsent:nodes/ability_nodes"
                }
            },
            "if_action": {
                "type": "origins:and",
                "actions": [
                    {
                        "type": "origins:execute_command",
                        "command": "tag @s add assign_node"
                    },
                    {
                        "type": "origins:raycast",
                        "distance": 9,
                        "block": true,
                        "entity": false,
                        "shape_type": "visual",
                        "fluid_handling": "none",
                        "hit_action": {
                            "type": "origins:and",
                            "actions": [
                                {
                                    "type": "origins:spawn_entity",
                                    "entity_type": "minecraft:armor_stand",
                                    "tag": "{NoGravity:1b,Marker:1b,Silent:1b,Invulnerable:1b,Invisible:1b,Tags:[\"node_main\",\"node_placement\",\"forceload_check\"],Passengers:[{id:\"minecraft:interaction\",NoGravity:1b,Silent:1b,width:1f,height:1f,Tags:[\"node_interaction\",\"node_set\"]}]}",
                                    "entity_action": {
                                        "type": "origins:and",
                                        "actions": [
                                            {
                                                "type": "origins:execute_command",
                                                "command": "function voidsent:abilities/display_node"
                                            },
                                            {
                                                "type": "origins:execute_command",
                                                "command": "power grant @s voidsent:nodes/node"
                                            }
                                        ]
                                    },
                                    "bientity_action": {
                                        "type": "origins:add_to_entity_set",
                                        "set": "voidsent:nodes/ability_nodes"
                                    }
                                },
                                {
                                    "type": "origins:selector_action",
                                    "selector": "@e[tag=glowing_add]",
                                    "bientity_action": {
                                        "type": "origins:and",
                                        "actions": [
                                            {
                                                "type": "origins:add_to_entity_set",
                                                "set": "voidsent:nodes/ability_display_glow"
                                            },
                                            {
                                                "type": "origins:target_action",
                                                "action": {
                                                    "type": "origins:execute_command",
                                                    "command": "tag @s remove glowing_add"
                                                }
                                            }
                                        ]
                                    }
                                }
                            ]
                        },
                        "miss_action": {
                            "type": "origins:and",
                            "actions": [
                                {
                                    "type": "origins:spawn_entity",
                                    "entity_type": "minecraft:armor_stand",
                                    "tag": "{NoGravity:1b,Marker:1b,Silent:1b,Invulnerable:1b,Invisible:1b,Tags:[\"node_main\",\"node_placement\",\"forceload_check\"],Passengers:[{id:\"minecraft:interaction\",NoGravity:1b,Silent:1b,width:1f,height:1f,Tags:[\"node_interaction\",\"node_set\"]}]}",
                                    "entity_action": {
                                        "type": "origins:and",
                                        "actions": [
                                            {
                                                "type": "origins:execute_command",
                                                "command": "execute as @p at @s anchored eyes run tp @n[tag=node_placement] ^ ^ ^9"
                                            },
                                            {
                                                "type": "origins:execute_command",
                                                "command": "function voidsent:abilities/display_node"
                                            },
                                            {
                                                "type": "origins:execute_command",
                                                "command": "power grant @s voidsent:nodes/node"
                                            }
                                        ]
                                    },
                                    "bientity_action": {
                                        "type": "origins:add_to_entity_set",
                                        "set": "voidsent:nodes/ability_nodes"
                                    }
                                },
                                {
                                    "type": "origins:selector_action",
                                    "selector": "@e[tag=glowing_add]",
                                    "bientity_action": {
                                        "type": "origins:and",
                                        "actions": [
                                            {
                                                "type": "origins:add_to_entity_set",
                                                "set": "voidsent:nodes/ability_display_glow"
                                            },
                                            {
                                                "type": "origins:target_action",
                                                "action": {
                                                    "type": "origins:execute_command",
                                                    "command": "tag @s remove glowing_add"
                                                }
                                            }
                                        ]
                                    }
                                }
                            ]
                        },
                        "command_step": 0.25,
                        "command_at_hit": "summon marker ~ ~ ~ {NoGravity:1b,Silent:1b,Invulnerable:1b,Tags:[\"node_point\"]}",
                        "command_along_ray_only_on_hit": false
                    },
                    {
                        "type": "origins:execute_command",
                        "command": "tag @s remove assign_node"
                    },
                    {
                        "type": "origins:selector_action",
                        "selector": "@n[tag=node_set]",
                        "bientity_action": {
                            "type": "origins:and",
                            "actions": [
                                {
                                    "type": "origins:add_to_entity_set",
                                    "set": "voidsent:nodes/ability_nodes"
                                },
                                {
                                    "type": "origins:target_action",
                                    "action": {
                                        "type": "origins:execute_command",
                                        "command": "tag @s remove node_set"
                                    }
                                }
                            ]
                        }
                    },
                    {
                        "type": "origins:execute_command",
                        "command": "function voidsent:abilities/node_placement"
                    }
                ]
            }
        },
        "cooldown": 2,
        "key": "key.use",
        "hud_render": {
            "should_render": false
        },
        "condition": {
            "type": "origins:and",
            "conditions": [
                {
                    "type": "origins:resource",
                    "resource": "voidsent:displace_holding_key",
                    "comparison": ">",
                    "compare_to": 0
                },
                {
                    "type": "origins:resource",
                    "resource": "voidsent:displace_cooldown",
                    "comparison": "==",
                    "compare_to": 100
                },
                {
                    "type": "origins:entity_set_size",
                    "set": "voidsent:nodes/ability_nodes",
                    "comparison": "<",
                    "compare_to": 6
                }
            ]
        }
    },
    "deactivation": {
        "type": "origins:resource",
        "min": 0,
        "max": 15,
        "start_value": 0,
        "max_action": {
            "type": "origins:and",
            "actions": [
                {
                    "type": "origins:action_on_entity_set",
                    "set": "voidsent:nodes/ability_selected",
                    "bientity_action": {
                        "type": "origins:target_action",
                        "action": {
                            "type": "origins:execute_command",
                            "command": "function voidsent:abilities/remove_node"
                        }
                    }
                },
                {
                    "type": "origins:execute_command",
                    "command": "function voidsent:abilities/tp_particles"
                }
            ]
        }
    },
    "deactivate_reset": {
        "type": "origins:action_over_time",
        "entity_action": {
            "type": "origins:change_resource",
            "resource": "voidsent:nodes/ability_deactivation",
            "change": -1
        },
        "interval": 1
    },
    "deactive": {
        "type": "origins:active_self",
        "entity_action": {
            "type": "origins:change_resource",
            "resource": "voidsent:nodes/ability_deactivation",
            "change": 10
        },
        "cooldown": 1,
        "key": "key.sneak",
        "hud_render": {
            "should_render": false
        },
        "condition": {
            "type": "origins:and",
            "conditions": [
                {
                    "type": "origins:entity_set_size",
                    "set": "voidsent:nodes/ability_selected",
                    "comparison": ">",
                    "compare_to": 0
                },
                {
                    "type": "origins:resource",
                    "resource": "voidsent:displace_holding_key",
                    "comparison": ">",
                    "compare_to": 0
                }
            ]
        }
    },
    "glow": {
        "type": "origins:entity_glow",
        "red": 0.4,
        "blue": 0.7,
        "green": 0.1,
        "bientity_condition": {
            "type": "origins:in_entity_set",
            "set": "voidsent:nodes/ability_display_glow"
        }
    },
    "selected_glow": {
        "type": "origins:entity_glow",
        "red": 1,
        "blue": 1,
        "green": 1,
        "bientity_condition": {
            "type": "origins:in_entity_set",
            "set": "voidsent:nodes/ability_selected"
        }
    },
    "crosshair": {
        "type": "origins:status_bar_texture",
        "texture_map": {
            "minecraft:hud/crosshair": "hypno:kalogero/crosshair"
        },
        "condition": {
            "type": "origins:raycast",
            "distance": 192,
            "block": false,
            "entity": true,
            "shape_type": "visual",
            "fluid_handling": "none",
            "hit_bientity_condition": {
                "type": "origins:in_entity_set",
                "set": "voidsent:nodes/ability_nodes"
            }
        }
    },
    "book": {
        "type": "origins:modify_crafting",
        "recipe": "voidsent:tome",
        "result": {
            "id": "minecraft:book",
            "components": {
                "minecraft:custom_name": "[{\"text\":\"Book of \",\"italic\":false},{\"text\":\"NULL\",\"italic\":false,\"bold\":true,\"color\":\"dark_purple\"}]",
                "minecraft:max_damage": 100,
                "minecraft:damage": 1,
                "minecraft:max_stack_size": 1,
                "minecraft:custom_model_data": 2,
                "minecraft:custom_data": {
                    "null_book": true
                },
                "minecraft:enchantment_glint_override": true
            }
        },
        "item_action": {
            "type": "origins:modify",
            "modifier": "voidsent:voidsent/tome"
        }
    },
    "book_select": {
        "type": "origins:active_self",
        "entity_action": {
            "type": "origins:if_else",
            "condition": {
                "type": "origins:command",
                "command": "execute as @e[type=minecraft:armor_stand,tag=node_main,tag=!ignore_node] if score @s voidsent_node = @p voidsent_selected",
                "comparison": ">=",
                "compare_to": 1,
                "inverted": true
            },
            "if_action": {
                "type": "origins:and",
                "actions": [
                    {
                        "type": "origins:equipped_item_action",
                        "equipment_slot": "mainhand",
                        "action": {
                            "type": "origins:damage",
                            "amount": 1,
                            "ignore_unbreaking": true
                        }
                    },
                    {
                        "type": "origins:execute_command",
                        "command": "playsound minecraft:block.end_portal_frame.fill player @s ~ ~ ~ 1 2"
                    },
                    {
                        "type": "origins:execute_command",
                        "command": "tag @s add voidsent_msg"
                    },
                    {
                        "type": "origins:execute_command",
                        "command": "execute as @e[type=minecraft:armor_stand,tag=node_main] if score @s voidsent_node = @p voidsent_selected run tag @s remove ignore_node"
                    },
                    {
                        "type": "origins:action_on_entity_set",
                        "set": "voidsent:nodes/ability_selected",
                        "bientity_action": {
                            "type": "origins:remove_from_entity_set",
                            "set": "voidsent:nodes/ability_selected"
                        }
                    },
                    {
                        "type": "origins:selector_action",
                        "selector": "@e[limit=1,sort=nearest,tag=!ignore_node,type=armor_stand]",
                        "bientity_action": {
                            "type": "origins:and",
                            "actions": [
                                {
                                    "type": "origins:add_to_entity_set",
                                    "set": "voidsent:nodes/ability_selected"
                                },
                                {
                                    "type": "origins:target_action",
                                    "action": {
                                        "type": "origins:and",
                                        "actions": [
                                            {
                                                "type": "origins:execute_command",
                                                "command": "function voidsent:abilities/coords"
                                            },
                                            {
                                                "type": "origins:execute_command",
                                                "command": "tag @s add ignore_node"
                                            },
                                            {
                                                "type": "origins:execute_command",
                                                "command": "execute as @n[tag=aj.void_node.bone.heavy_core] run tag @s add selected_node"
                                            },
                                            {
                                                "type": "origins:execute_command",
                                                "command": "execute as @n[tag=aj.void_node.bone.crying_obsidian] run tag @s add selected_node"
                                            }
                                        ]
                                    }
                                },
                                {
                                    "type": "origins:actor_action",
                                    "action": {
                                        "type": "origins:selector_action",
                                        "selector": "@e[tag=selected_node]",
                                        "bientity_action": {
                                            "type": "origins:and",
                                            "actions": [
                                                {
                                                    "type": "origins:add_to_entity_set",
                                                    "set": "voidsent:nodes/ability_selected"
                                                },
                                                {
                                                    "type": "origins:target_action",
                                                    "action": {
                                                        "type": "origins:execute_command",
                                                        "command": "tag @s remove selected_node"
                                                    }
                                                }
                                            ]
                                        }
                                    }
                                }
                            ]
                        },
                        "bientity_condition": {
                            "type": "origins:in_entity_set",
                            "set": "voidsent:nodes/ability_nodes"
                        }
                    },
                    {
                        "type": "origins:execute_command",
                        "command": "tag @s remove voidsent_msg"
                    }
                ]
            },
            "else_action": {
                "type": "origins:and",
                "actions": [
                    {
                        "type": "origins:equipped_item_action",
                        "equipment_slot": "mainhand",
                        "action": {
                            "type": "origins:damage",
                            "amount": 1,
                            "ignore_unbreaking": true
                        }
                    },
                    {
                        "type": "origins:execute_command",
                        "command": "playsound minecraft:block.end_portal_frame.fill player @s ~ ~ ~ 1 2"
                    },
                    {
                        "type": "origins:execute_command",
                        "command": "tag @s add voidsent_msg"
                    },
                    {
                        "type": "origins:action_on_entity_set",
                        "set": "voidsent:nodes/ability_selected",
                        "bientity_action": {
                            "type": "origins:remove_from_entity_set",
                            "set": "voidsent:nodes/ability_selected"
                        }
                    },
                    {
                        "type": "origins:selector_action",
                        "selector": "@e[limit=1,sort=nearest,tag=!ignore_node,type=armor_stand]",
                        "bientity_action": {
                            "type": "origins:and",
                            "actions": [
                                {
                                    "type": "origins:add_to_entity_set",
                                    "set": "voidsent:nodes/ability_selected"
                                },
                                {
                                    "type": "origins:target_action",
                                    "action": {
                                        "type": "origins:and",
                                        "actions": [
                                            {
                                                "type": "origins:execute_command",
                                                "command": "function voidsent:abilities/coords"
                                            },
                                            {
                                                "type": "origins:execute_command",
                                                "command": "tag @s add ignore_node"
                                            },
                                            {
                                                "type": "origins:execute_command",
                                                "command": "execute as @n[tag=aj.void_node.bone.heavy_core] run tag @s add selected_node"
                                            },
                                            {
                                                "type": "origins:execute_command",
                                                "command": "execute as @n[tag=aj.void_node.bone.crying_obsidian] run tag @s add selected_node"
                                            }
                                        ]
                                    }
                                },
                                {
                                    "type": "origins:actor_action",
                                    "action": {
                                        "type": "origins:selector_action",
                                        "selector": "@e[tag=selected_node]",
                                        "bientity_action": {
                                            "type": "origins:and",
                                            "actions": [
                                                {
                                                    "type": "origins:add_to_entity_set",
                                                    "set": "voidsent:nodes/ability_selected"
                                                },
                                                {
                                                    "type": "origins:target_action",
                                                    "action": {
                                                        "type": "origins:execute_command",
                                                        "command": "tag @s remove selected_node"
                                                    }
                                                }
                                            ]
                                        }
                                    }
                                }
                            ]
                        },
                        "bientity_condition": {
                            "type": "origins:in_entity_set",
                            "set": "voidsent:nodes/ability_nodes"
                        }
                    },
                    {
                        "type": "origins:execute_command",
                        "command": "tag @s remove voidsent_msg"
                    }
                ]
            }
        },
        "cooldown": 1,
        "key": "key.use",
        "hud_render": {
            "should_render": false
        },
        "condition": {
            "type": "origins:and",
            "conditions": [
                {
                    "type": "origins:equipped_item",
                    "equipment_slot": "mainhand",
                    "item_condition": {
                        "type": "origins:and",
                        "conditions": [
                            {
                                "type": "origins:custom_data",
                                "nbt": "{null_book:1b}"
                            },
                            {
                                "type": "origins:durability",
                                "comparison": ">",
                                "compare_to": 1
                            }
                        ]
                    }
                },
                {
                    "type": "origins:entity_set_size",
                    "set": "voidsent:nodes/ability_nodes",
                    "comparison": ">",
                    "compare_to": 0
                }
            ]
        }
    },
    "book_unselect": {
        "type": "origins:active_self",
        "entity_action": {
            "type": "origins:and",
            "actions": [
                {
                    "type": "origins:execute_command",
                    "command": "playsound minecraft:block.end_portal_frame.fill player @s ~ ~ ~ 1 1.2"
                },
                {
                    "type": "origins:equipped_item_action",
                    "equipment_slot": "mainhand",
                    "action": {
                        "type": "origins:damage",
                        "amount": 1,
                        "ignore_unbreaking": true
                    }
                },
                {
                    "type": "origins:action_on_entity_set",
                    "set": "voidsent:nodes/ability_selected",
                    "bientity_action": {
                        "type": "origins:remove_from_entity_set",
                        "set": "voidsent:nodes/ability_selected"
                    }
                }
            ]
        },
        "cooldown": 1,
        "key": "key.attack",
        "hud_render": {
            "should_render": false
        },
        "condition": {
            "type": "origins:and",
            "conditions": [
                {
                    "type": "origins:equipped_item",
                    "equipment_slot": "mainhand",
                    "item_condition": {
                        "type": "origins:and",
                        "conditions": [
                            {
                                "type": "origins:custom_data",
                                "nbt": "{null_book:1b}"
                            },
                            {
                                "type": "origins:durability",
                                "comparison": ">",
                                "compare_to": 1
                            }
                        ]
                    }
                },
                {
                    "type": "origins:entity_set_size",
                    "set": "voidsent:nodes/ability_selected",
                    "comparison": ">",
                    "compare_to": 0
                }
            ]
        }
    },
    "recharge_book":{
        "type": "origins:item_on_item",
        "on_item_condition": {
            "type": "origins:and",
            "conditions": [
                {
                    "type": "origins:custom_data",
                    "nbt": "{null_book:1b}"
                },
                {
                    "type": "origins:durability",
                    "comparison": "<",
                    "compare_to": 100
                }
            ]
        },
        "using_item_condition": {
            "type": "origins:ingredient",
            "ingredient": {
                "item": "minecraft:ender_pearl"
            }
        },
        "using_item_action": {
            "type": "origins:consume",
            "amount": 1
        },
        "on_item_action": {
            "type": "origins:damage",
            "amount": -35,
            "ignore_unbreaking": true
        }
    },
    "name": "Void: Nodes",
    "description": "Constructs of pure void energy; nodes are essential to your identity",
    "badges": [
        {
            "type": "origins:tooltip",
            "sprite": "origins:textures/gui/community/silent/badge/shapes/shape_square.png",
            "text": "§d§lVoid: Nodes §r§d☀§r\n§7You can create up to §dthree§d nodes that allow you to change the origin point of §5DISPLACE§7\nTargets of §5DISPLACE§7 §8(whether yourself or an entity)§7 will be redirected to the node that is currently selected.\n\n§7§lActive Ability"
        },
        {
            "type": "origins:crafting_recipe",
            "sprite": "minecraft:textures/item/enchanted_book.png",
            "prefix": "§7Use the book to remotely select a node regardless of distance!",
            "recipe": {
                "type": "minecraft:crafting_shaped",
                "id": "voidsent:tome",
                "pattern": [
                    " o ",
                    "obo",
                    " o "
                ],
                "key": {
                    "b": {
                        "item": "minecraft:book"
                    },
                    "o": {
                        "item": "minecraft:ender_pearl"
                    }
                },
                "result": {
                    "id": "minecraft:book"
                }
            },
            "suffix": "§8(This book has energy and can be recharged by putting an ender pearl over the book in your inventory)"
        },
        {
            "type": "origins:tooltip",
            "sprite": "origins:textures/gui/badge/toggle.png",
            "text": [
                "§7Hold §r[",
                {
                    "keybind": "key.origins.primary_active"
                },
                "]§7 and press §r[",
                {
                    "keybind": "key.use"
                },
                "]§7 to create a node. Whist looking at a node, press the same key to select one!\n§8(To delete a node, select it and whilst holding §r[",
                {
                    "keybind": "key.origins.primary_active"
                },
                "]§8, sneak twice quickly)"
            ]
        }
    ]
}