{
    "type": "origins:multiple",
    "cooldown_crosshair_texture": {
        "type": "origins:status_bar_texture",
        "texture_map": {
            "minecraft:hud/crosshair": "hypno:angler/crosshair"
        },
        "condition": {
            "type": "origins:and",
            "conditions": [
                {
                    "type": "origins:resource",
                    "resource": "angler:sword/transfish_cooldown3",
                    "comparison": "==",
                    "compare_to": 0
                },
                {
                    "type": "origins:resource",
                    "resource": "angler:sword/tiers/lvl3_winding",
                    "comparison": "<",
                    "compare_to": 3
                },
                {
                    "type": "origins:equipped_item",
                    "equipment_slot": "mainhand",
                    "item_condition": {
                        "type": "origins:and",
                        "conditions": [
                            {
                                "type": "origins:ingredient",
                                "ingredient": {
                                    "item": "minecraft:diamond_sword"
                                }
                            },
                            {
                                "type": "origins:custom_data",
                                "nbt": "{swordfish:1b}"
                            }
                        ]
                    }
                }
            ]
        }
    },
    "winding": {
        "type": "origins:resource",
        "min": 0,
        "max": 3,
        "start_value": 0,
        "hud_render": {
            "should_render": false
        }
    },
    "winding_down": {
        "type": "origins:action_over_time",
        "entity_action": {
            "type": "origins:change_resource",
            "resource": "angler:sword/tiers/lvl3_winding",
            "change": -1
        },
        "interval": 1,
        "condition": {
            "type": "origins:resource",
            "resource": "angler:fishing/throw_holding_key",
            "comparison": "==",
            "compare_to": 0
        }
    },
    "windup": {
        "type": "origins:active_self",
        "entity_action": {
            "type": "origins:and",
            "actions": [
                {
                    "type": "origins:if_else_list",
                    "actions": [
                        {
                            "condition": {
                                "type": "origins:resource",
                                "resource": "angler:sword/tiers/lvl3_winding",
                                "comparison": "==",
                                "compare_to": 0
                            },
                            "action": {
                                "type": "origins:execute_command",
                                "command": "playsound minecraft:ui.toast.in player @a ~ ~ ~ 1 1.4"
                            }
                        },
                        {
                            "condition": {
                                "type": "origins:resource",
                                "resource": "angler:sword/tiers/lvl3_winding",
                                "comparison": "==",
                                "compare_to": 1
                            },
                            "action": {
                                "type": "origins:execute_command",
                                "command": "playsound minecraft:ui.toast.in player @a ~ ~ ~ 1 1.8"
                            }
                        },
                        {
                            "condition": {
                                "type": "origins:resource",
                                "resource": "angler:sword/tiers/lvl3_winding",
                                "comparison": "==",
                                "compare_to": 2
                            },
                            "action": {
                                "type": "origins:execute_command",
                                "command": "playsound minecraft:block.grindstone.use player @a ~ ~ ~ 2 1.6"
                            }
                        }
                    ]
                },
                {
                    "type": "origins:change_resource",
                    "resource": "angler:sword/tiers/lvl3_winding",
                    "change": 1
                }
            ]
        },
        "cooldown": 5,
        "key": {
            "key": "key.origins.primary_active",
            "continuous": true
        },
        "hud_render": {
            "should_render": false
        },
        "condition": {
            "type": "origins:and",
            "conditions": [
                {
                    "type": "origins:resource",
                    "resource": "angler:sword/tiers/lvl3_winding",
                    "comparison": "<",
                    "compare_to": 3
                },
                {
                    "type": "origins:resource",
                    "resource": "angler:sword/transfish_cooldown3",
                    "comparison": "==",
                    "compare_to": 0
                },
                {
                    "type": "origins:equipped_item",
                    "equipment_slot": "mainhand",
                    "item_condition": {
                        "type": "origins:and",
                        "conditions": [
                            {
                                "type": "origins:ingredient",
                                "ingredient": {
                                    "item": "minecraft:diamond_sword"
                                }
                            },
                            {
                                "type": "origins:custom_data",
                                "nbt": "{swordfish:1b}"
                            }
                        ]
                    }
                }
            ]
        }
    },
    "winding_movement": {
        "type": "origins:conditioned_attribute",
        "modifier": {
            "id": "angler:winding3",
            "attribute": "minecraft:generic.movement_speed",
            "amount": -0.6,
            "operation": "add_multiplied_total"
        },
        "tick_rate": 1,
        "condition": {
            "type": "origins:and",
            "conditions": [
                {
                    "type": "origins:resource",
                    "resource": "angler:sword/tiers/lvl3_winding",
                    "comparison": "<",
                    "compare_to": 3
                },
                {
                    "type": "origins:resource",
                    "resource": "angler:sword/tiers/lvl3_winding",
                    "comparison": ">",
                    "compare_to": 0
                }
            ]
        }
    },
    "winded_crosshair_texture": {
        "type": "origins:status_bar_texture",
        "texture_map": {
            "minecraft:hud/crosshair": "hypno:angler/crosshair2"
        },
        "condition": {
            "type": "origins:and",
            "conditions": [
                {
                    "type": "origins:resource",
                    "resource": "angler:sword/transfish_cooldown3",
                    "comparison": "==",
                    "compare_to": 0
                },
                {
                    "type": "origins:resource",
                    "resource": "angler:sword/tiers/lvl3_winding",
                    "comparison": "==",
                    "compare_to": 3
                },
                {
                    "type": "origins:equipped_item",
                    "equipment_slot": "mainhand",
                    "item_condition": {
                        "type": "origins:and",
                        "conditions": [
                            {
                                "type": "origins:ingredient",
                                "ingredient": {
                                    "item": "minecraft:diamond_sword"
                                }
                            },
                            {
                                "type": "origins:custom_data",
                                "nbt": "{swordfish:1b}"
                            }
                        ]
                    }
                }
            ]
        }
    },
    "activate": {
        "type": "origins:active_self",
        "entity_action": {
            "type": "origins:and",
            "actions": [
                {
                    "type": "origins:change_resource",
                    "resource": "angler:sword/tiers/lvl3_winding",
                    "change": -3
                },
                {
                    "type": "origins:execute_command",
                    "command": "function angler:dash_cd"
                },
                {
                    "type": "origins:equipped_item_action",
                    "equipment_slot": "mainhand",
                    "action": {
                        "type": "origins:modify_item_cooldown",
                        "modifier": {
                            "operation": "set_total",
                            "amount": 80
                        }
                    }
                },
                {
                    "type": "origins:raycast",
                    "distance": 6,
                    "entity": false,
                    "before_action": {
                        "type": "origins:and",
                        "actions": [
                            {
                                "type": "origins:execute_command",
                                "command": "tag @s add dashing"
                            },
                            {
                                "type": "origins:set_fall_distance",
                                "fall_distance": 0
                            }
                        ]
                    },
                    "command_step": 0.5,
                    "command_along_ray": "function angler:dash"
                },
                {
                    "type": "origins:selector_action",
                    "selector": "@e",
                    "bientity_action": {
                        "type": "origins:actor_action",
                        "action": {
                            "type": "origins:change_resource",
                            "resource": "angler:sword/transfish_cooldown2",
                            "change": -20
                        }
                    },
                    "bientity_condition": {
                        "type": "origins:target_condition",
                        "condition": {
                            "type": "origins:power",
                            "power": "angler:sword/hit"
                        }
                    }
                },
                {
                    "type": "origins:execute_command",
                    "command": "tag @s remove dashing"
                },
                {
                    "type": "origins:execute_command",
                    "command": "playsound minecraft:entity.evoker_fangs.attack player @a ~ ~ ~ 1 2",
                    "permission_level": 4
                },
                {
                    "type": "origins:add_velocity",
                    "space": "local_horizontal",
                    "z": 1
                }
            ]
        },
        "key": {
            "key": "key.attack"
        },
        "hud_render": {
            "should_render": false
        },
        "condition": {
            "type": "origins:and",
            "conditions": [
                {
                    "type": "origins:resource",
                    "resource": "angler:sword/tiers/lvl3_winding",
                    "comparison": "==",
                    "compare_to": 3
                },
                {
                    "type": "origins:resource",
                    "resource": "angler:sword/transfish_cooldown3",
                    "comparison": "==",
                    "compare_to": 0
                },
                {
                    "type": "origins:equipped_item",
                    "equipment_slot": "mainhand",
                    "item_condition": {
                        "type": "origins:custom_data",
                        "nbt": "{swordfish:1b}"
                    }
                }
            ]
        },
        "cooldown": 2
    },
    "tooltip": {
        "type": "origins:tooltip",
        "item_condition": {
            "type": "origins:and",
            "conditions": [
                {
                    "type": "origins:ingredient",
                    "ingredient": {
                        "item": "minecraft:diamond_sword"
                    }
                },
                {
                    "type": "origins:custom_data",
                    "nbt": "{swordfish:1b}"
                }
            ]
        },
        "text": [
            "Hold \"",
            {
                "keybind": "key.origins.primary_active",
                "color": "blue"
            },
            "\" and \"",
            {
                "keybind": "key.attack",
                "color": "blue"
            },
            "\" to Dash!"
        ]
    },
    "upgrade": {
        "type": "origins:item_on_item",
        "entity_action": {
            "type": "origins:execute_command",
            "command": "function angler:level_up"
        },
        "on_item_condition": {
            "type": "origins:and",
            "conditions": [
                {
                    "type": "origins:custom_data",
                    "nbt": "{swordfish:1b}"
                },
                {
                    "type": "origins:has_power",
                    "power": "angler:sword/tiers/lvl3",
                    "slot": "any"
                }
            ]
        },
        "using_item_condition": {
            "type": "origins:ingredient",
            "ingredient": {
                "item": "minecraft:heavy_core"
            }
        },
        "on_item_action": {
            "type": "origins:modify",
            "modifier": "angler:dash_tier4"
        },
        "using_item_action": {
            "type": "origins:consume",
            "amount": 1
        }
    }
}