{
    "type": "origins:multiple",
    "health": {
        "type": "origins:attribute",
        "modifier": {
            "id": "voidsent_health",
            "attribute": "minecraft:generic.max_health",
            "amount": -4,
            "operation": "add_value"
        }
    },
    "name": "Missing Life",
    "description": "You've lost part of your constitution to the Void.",
    "badges": [
        {
            "type": "origins:tooltip",
            "sprite": "origins:textures/gui/community/silent/badge/shapes/shape_heart.png",
            "text": "§c§lMissing Life §r§c💔§r\n§7You have §c-2 ❤§r§7 permanently.\n\n§7§lPassive Ability"
        }
    ]
}