{
    "type": "origins:multiple",
    "chanting": {
        "type": "origins:resource",
        "min": 0,
        "max": 60,
        "hud_render": {
            "should_render": false
        },
        "min_action": {
            "type": "origins:and",
            "actions": [
                {
                    "type": "origins:if_else",
                    "condition": {
                        "type": "origins:resource",
                        "resource": "cleavemaster:chant_input_instances",
                        "comparison": "==",
                        "compare_to": 0
                    },
                    "if_action": {
                        "type": "origins:if_else_list",
                        "actions": [
                            {
                                "condition": {
                                    "type": "origins:resource",
                                    "resource": "cleavemaster:chant_primary_input",
                                    "comparison": "==",
                                    "compare_to": 4
                                },
                                "action": {
                                    "type": "origins:execute_command",
                                    "command": "say sawblade"
                                }
                            },
                            {
                                "condition": {
                                    "type": "origins:resource",
                                    "resource": "cleavemaster:chant_secondary_input",
                                    "comparison": "==",
                                    "compare_to": 4
                                },
                                "action": {
                                    "type": "origins:execute_command",
                                    "command": "say cleave"
                                }
                            },
                            {
                                "condition": {
                                    "type": "origins:resource",
                                    "resource": "cleavemaster:chant_primary_input",
                                    "comparison": "==",
                                    "compare_to": 2
                                },
                                "action": {
                                    "type": "origins:execute_command",
                                    "command": "say split"
                                }
                            },
                            {
                                "condition": {
                                    "type": "origins:resource",
                                    "resource": "cleavemaster:chant_secondary_input",
                                    "comparison": "==",
                                    "compare_to": 2
                                },
                                "action": {
                                    "type": "origins:execute_command",
                                    "command": "say breaker"
                                }
                            }
                        ]
                    }
                },
                {
                    "type": "origins:execute_command",
                    "command": "function cleavemaster:chant/reset"
                }
            ]
        }
    },
    "activation": {
        "type": "origins:active_self",
        "entity_action": {
            "type": "origins:execute_command",
            "command": "function cleavemaster:chant/begin"
        },
        "cooldown": 1,
        "key": "key.origins.primary_active",
        "hud_render": {
            "should_render": true,
            "sprite_location": "origins:textures/gui/community/huang/resource_bar_02.png",
            "bar_index": 5
        },
        "condition": {
            "type": "origins:resource",
            "resource": "cleavemaster:chant_chanting",
            "comparison": "==",
            "compare_to": 0
        }
    },
    "chanting_tick": {
        "type": "origins:action_over_time",
        "entity_action": {
            "type": "origins:change_resource",
            "resource": "cleavemaster:chant_chanting",
            "change": -1
        },
        "interval": 1,
        "condition": {
            "type": "origins:resource",
            "resource": "cleavemaster:chant_chanting",
            "comparison": ">",
            "compare_to": 0
        }
    },
    "primary_key": {
        "type": "origins:active_self",
        "entity_action": {
            "type": "origins:and",
            "actions": [
                {
                    "type": "origins:change_resource",
                    "resource": "cleavemaster:chant_input_instances",
                    "change": -1
                },
                {
                    "type": "origins:if_else",
                    "condition": {
                        "type": "origins:resource",
                        "resource": "cleavemaster:chant_secondary_input",
                        "comparison": "==",
                        "compare_to": 2
                    },
                    "if_action": {
                        "type": "origins:change_resource",
                        "resource": "cleavemaster:chant_primary_input",
                        "change": 1
                    },
                    "else_action": {
                        "type": "origins:change_resource",
                        "resource": "cleavemaster:chant_primary_input",
                        "change": 2
                    }
                }
            ]
        },
        "cooldown": 2,
        "key": "key.origins.primary_active",
        "hud_render": {
            "should_render": false
        },
        "condition": {
            "type": "origins:and",
            "conditions": [
                {
                    "type": "origins:resource",
                    "resource": "cleavemaster:chant_chanting",
                    "comparison": ">",
                    "compare_to": 0
                },
                {
                    "type": "origins:resource",
                    "resource": "cleavemaster:chant_chanting",
                    "comparison": "<",
                    "compare_to": 60
                },
                {
                    "type": "origins:resource",
                    "resource": "cleavemaster:chant_input_instances",
                    "comparison": "<=",
                    "compare_to": 2
                }
            ]
        }
    },
    "secondary_key": {
        "type": "origins:active_self",
        "entity_action": {
            "type": "origins:and",
            "actions": [
                {
                    "type": "origins:change_resource",
                    "resource": "cleavemaster:chant_input_instances",
                    "change": -1
                },
                {
                    "type": "origins:if_else",
                    "condition": {
                        "type": "origins:resource",
                        "resource": "cleavemaster:chant_primary_input",
                        "comparison": "==",
                        "compare_to": 2
                    },
                    "if_action": {
                        "type": "origins:change_resource",
                        "resource": "cleavemaster:chant_secondary_input",
                        "change": 1
                    },
                    "else_action": {
                        "type": "origins:change_resource",
                        "resource": "cleavemaster:chant_secondary_input",
                        "change": 2
                    }
                }
            ]
        },
        "cooldown": 2,
        "key": "key.origins.secondary_active",
        "hud_render": {
            "should_render": false
        },
        "condition": {
            "type": "origins:and",
            "conditions": [
                {
                    "type": "origins:resource",
                    "resource": "cleavemaster:chant_chanting",
                    "comparison": ">",
                    "compare_to": 0
                },
                {
                    "type": "origins:resource",
                    "resource": "cleavemaster:chant_input_instances",
                    "comparison": "<=",
                    "compare_to": 2
                }
            ]
        }
    },
    "input_instances": {
        "type": "origins:resource",
        "min": 0,
        "max": 2,
        "hud_render": {
            "should_render": false
        }
    },
    "primary_input": {
        "type": "origins:resource",
        "min": 0,
        "max": 4,
        "hud_render": {
            "should_render": false
        }
    },
    "secondary_input": {
        "type": "origins:resource",
        "min": 0,
        "max": 4,
        "hud_render": {
            "should_render": false
        }
    },
    "cant_move": {
        "type": "origins:conditioned_attribute",
        "modifier": {
            "attribute": "minecraft:generic.movement_speed",
            "operation": "add_multiplied_total",
            "amount": -1,
            "id": "cleavemaster:chanting_stuck"
        },
        "tick_rate": 1,
        "condition": {
            "type": "origins:resource",
            "resource": "cleavemaster:chant_chanting",
            "comparison": ">",
            "compare_to": 0
        }
    },
    "air_speed": {
        "type": "origins:modify_air_speed",
        "modifier": {
            "operation": "multiply_total_multiplicative",
            "amount": -1
        },
        "condition": {
            "type": "origins:resource",
            "resource": "cleavemaster:chant_chanting",
            "comparison": ">",
            "compare_to": 0
        }
    },
    "no_jumps": {
        "type": "origins:modify_jump",
        "modifier": {
            "operation": "multiply_total_multiplicative",
            "amount": -1
        },
        "condition": {
            "type": "origins:resource",
            "resource": "cleavemaster:chant_chanting",
            "comparison": ">",
            "compare_to": 0
        }
    },
    "overlay": {
        "type": "origins:overlay",
        "texture": "origins:phantomize_overlay",
        "strength": 0.2,
        "red": 1.0,
        "green": 0.0,
        "blue": 0.0,
        "draw_mode": "texture",
        "draw_phase": "below_hud",
        "hide_with_hud": false,
        "visible_in_third_person": false,
        "condition": {
            "type": "origins:resource",
            "resource": "cleavemaster:chant_chanting",
            "comparison": ">",
            "compare_to": 0
        }
    },
    "name": "Blade of Want",
    "description": "\"He was a coward by nature. An unparalleled master of sword law, who only knew how to kill and maim. An exceptionally poor swordsman.\"",
    "badges": [
        {
            "type": "origins:tooltip",
            "sprite": "origins:textures/gui/community/silent/badge/shapes/shape_circle.png",
            "text": "§4§lBlade of Want §r§4💢§r\n§7Upon pressing your primary, you can 'chant' through your primary and secondary keys. Chanting prevents you from moving, and forces you to face directly upon the horizon.\n§7§lActive Ability"
        }
    ]
}