{
    "type": "origins:multiple",
    "stab": {
        "type": "origins:active_self",
        "entity_action": {
            "type": "origins:and",
            "actions": [
                {
                    "type": "origins:equipped_item_action",
                    "equipment_slot": "mainhand",
                    "action": {
                        "type": "origins:modify_item_cooldown",
                        "modifier": {
                            "operation": "set_total",
                            "amount": 20
                        }
                    }
                },
                {
                    "type": "origins:action_on_entity_set",
                    "set": "plushie:voodoo/main_voodooed",
                    "bientity_action": {
                        "type": "origins:target_action",
                        "action": {
                            "type": "origins:execute_command",
                            "command": "tag @s add stab_target"
                        }
                    }
                },
                {
                    "type": "origins:execute_command",
                    "command": "function plushie:voodoo/stab"
                }
            ]
        },
        "cooldown": 1,
        "key": {
            "key": "key.use"
        },
        "hud_render": {
            "should_render": false
        },
        "condition": {
            "type": "origins:equipped_item",
            "equipment_slot": "mainhand",
            "item_condition": {
                "type": "origins:and",
                "conditions": [
                    {
                        "type": "origins:ingredient",
                        "ingredient": {
                            "tag": "minecraft:swords"
                        }
                    },
                    {
                        "type":"origins:item_cooldown",
                        "compare_to": 0,
                        "comparison": "=="
                    }
                ]
            }
        }
    },
    "prevent_fatal_stab": {
        "type": "origins:prevent_death",
        "damage_condition": {
            "type": "origins:type",
            "damage_type": "plushie:stab"
        }
    },
    "cotton_hits":{
        "type": "origins:modify_damage_dealt",
        "damage_condition": {
            "type": "origins:in_tag",
            "tag": "minecraft:prevent_nullification",
            "inverted": true
        },
        "modifier": {
            "operation": "set_total",
            "amount": 1
        }
    },
    "name": "Soft Swipes",
    "description": "Your cotton filled fists can't knock the stuffing out of anything, really.",
    "badges": [
        {
            "type": "origins:tooltip",
            "sprite": "minecraft:textures/item/iron_sword.png",
            "text": "§4§lSoft Swipes §r§4🔪§r\n§fMelee damage can't deal more than 1 dmg.\n§7Instead, you can use swords to stab yourself and deal damage to those Voodooed.\n\n§e⌛§r§7 Stabbing Cooldown: §r§f1s\n§7§lPassive Ability"
        },
        {
            "type": "origins:tooltip",
            "sprite": "origins:textures/gui/badge/active.png",
            "text": [
                "§7Press §r[",
                {
                    "keybind": "key.use"
                },
                "]§7 whilst holding a sword to stab yourself!"
            ]
        }
    ]
}