{
    "type": "origins:multiple",
    "luck": {
        "type": "origins:replace_loot_table",
        "replace": {
            "minecraft:gameplay/fishing": "angler:gameplay/angler_fishing"
        },
        "bientity_condition": {
            "type": "origins:actor_condition",
            "condition": {
                "type": "origins:or",
                "conditions": [
                    {
                        "type": "origins:equipped_item",
                        "equipment_slot": "mainhand",
                        "item_condition":{
                            "type": "origins:custom_data",
                            "nbt": "{angler:1b}"
                        }
                    },
                    {
                        "type": "origins:equipped_item",
                        "equipment_slot": "offhand",
                        "item_condition": {
                        "type": "origins:custom_data",
                        "nbt": "{angler:1b}"
                    }
                    }
                ]
            }
        }
    },
    "name": "Fisher of Legends",
    "description": "Legends say the Angler could feed an entire village by themselves...\nThey were right.",
    "badges": [
        {
            "type": "origins:tooltip",
            "sprite": "minecraft:textures/item/fishing_rod.png",
            "text": "§3§lAngler's Rod 🎣§r\n§7You spawn in with an §r§aUnbreakable§r\n§7fishing rod that even returns on death.\n§7When catching fish, you have §r§a4x§r§7 the normal yield.\n\n§7§lPassive Ability"
        }
    ]
}