{
    "name": "Burdened",
    "description": "You cannot wear armor heavier than leather. You must hollow armor in order to wear it.",
    "badges": [
        {
            "type": "origins:tooltip",
            "sprite": "origins:textures/gui/badge/info.png",
            "text": [
                "Use ",
                {
                    "text": "shears",
                    "color": "#abf2f5"
                },
                " with item on item in order to ",
                {
                    "text": "hollow",
                    "color": "#abf2f5"
                },
                " it. Although, this lowers defense."
            ]
        }
    ],
    "type": "origins:multiple",
    "restrict": {
        "type": "origins:conditioned_restrict_armor",
        "head": {
            "type": "origins:and",
            "conditions": [
                {
                    "type": "origins:ingredient",
                    "ingredient": {
                        "tag": "upavi:armor"
                    }
                },
                {
                    "type": "origins:has_power",
                    "power": "upavi:hollowed",
                    "slot": "armor",
                    "inverted": true
                }
            ]
        },
        "chest": {
            "type": "origins:and",
            "conditions": [
                {
                    "type": "origins:ingredient",
                    "ingredient": {
                        "tag": "upavi:armor"
                    }
                },
                {
                    "type": "origins:has_power",
                    "power": "upavi:hollowed",
                    "slot": "armor",
                    "inverted": true
                }
            ]
        },
        "legs": {
            "type": "origins:and",
            "conditions": [
                {
                    "type": "origins:ingredient",
                    "ingredient": {
                        "tag": "upavi:armor"
                    }
                },
                {
                    "type": "origins:has_power",
                    "power": "upavi:hollowed",
                    "slot": "armor",
                    "inverted": true
                }
            ]
        },
        "feet": {
            "type": "origins:and",
            "conditions": [
                {
                    "type": "origins:ingredient",
                    "ingredient": {
                        "tag": "upavi:armor"
                    }
                },
                {
                    "type": "origins:has_power",
                    "power": "upavi:hollowed",
                    "slot": "armor",
                    "inverted": true
                }
            ]
        },
        "tick_rate": 20
    },
    "make": {
        "type": "origins:item_on_item",
        "on_item_condition": {
            "type": "origins:ingredient",
            "ingredient": {
                "tag": "upavi:armor"
            }
        },
        "using_item_condition": {
            "type": "origins:and",
            "conditions": [
                {
                    "type": "origins:ingredient",
                    "ingredient": {
                        "item": "minecraft:shears"
                    }
                },
                {
                    "type": "origins:amount",
                    "comparison": ">=",
                    "compare_to": 1
                }
            ]
        },
        "using_item_action": {
            "type": "origins:damage",
            "amount": 20,
            "ignore_unbreaking": false
        },
        "on_item_action": {
            "type": "origins:if_else",
            "condition": {
                "type": "origins:has_power",
                "power": "upavi:hollowed",
                "inverted": true,
                "slot": "armor"
            },
            "if_action": {
                "type": "origins:modify",
                "modifier": "upavi:items/hollowed"
            }
        },
        "entity_action": {
            "type": "origins:and",
            "actions": [
                {
                    "type": "origins:execute_command",
                    "command": "particle minecraft:dust 0.9 0.9 1 1 ~ ~1 ~ 0.5 0.5 0.5 0 3 force"
                },
                {
                    "type": "origins:play_sound",
                    "sound": "minecraft:entity.sheep.shear"
                }
            ]
        }
    }
}