{
    "type": "origins:multiple",
    "tag": {
        "type": "origins:action_on_callback",
        "entity_action_gained": {
            "type": "origins:execute_command",
            "command": "tag @s add clown"
        },
        "entity_action_lost": {
            "type": "origins:execute_command",
            "command": "tag @s remove clown"
        },
        "execute_chosen_when_orb": false
    },
    "prevent_render": {
        "type": "origins:prevent_entity_render",
        "bientity_condition": {
            "type": "origins:and",
            "conditions": [
                {
                    "type": "origins:distance",
                    "comparison": ">=",
                    "compare_to": 12
                },
                {
                    "type": "origins:target_condition",
                    "condition": {
                        "type": "origins:and",
                        "conditions": [
                            {
                                "type": "origins:entity_type",
                                "entity_type": "minecraft:armor_stand",
                                "inverted": true
                            },
                            {
                                "type": "origins:living"
                            }
                        ]
                    }
                }
            ]
        }
    },
    "particles": {
        "type": "origins:action_over_time",
        "entity_action": {
            "type": "origins:selector_action",
            "selector": "@e",
            "bientity_action": {
                "type": "origins:target_action",
                "action": {
                    "type": "origins:execute_command",
                    "command": "execute anchored eyes run particle minecraft:raid_omen ^ ^ ^ 0 0 0 0 1 force @a[tag=clown]"
                }
            },
            "bientity_condition": {
                "type": "origins:and",
                "conditions": [
                    {
                        "type": "origins:distance",
                        "comparison": ">",
                        "compare_to": 12
                    },
                    {
                        "type": "origins:distance",
                        "comparison": "<=",
                        "compare_to": 92
                    },
                    {
                        "type": "origins:can_see"
                    },
                    {
                        "type": "origins:in_entity_set",
                        "set": "clown:deception/main_dummy",
                        "inverted": true
                    },
                    {
                        "type": "origins:target_condition",
                        "condition": {
                            "type": "origins:and",
                            "conditions": [
                                {
                                    "type": "origins:entity_type",
                                    "entity_type": "minecraft:armor_stand",
                                    "inverted": true
                                },
                                {
                                    "type": "origins:entity_type",
                                    "entity_type": "minecraft:player",
                                    "inverted": true
                                },
                                {
                                    "type": "origins:living"
                                }
                            ]
                        }
                    }
                ]
            }
        },
        "interval": 1
    },
    "particles_player": {
        "type": "origins:action_over_time",
        "entity_action": {
            "type": "origins:selector_action",
            "selector": "@a",
            "bientity_action": {
                "type": "origins:target_action",
                "action": {
                    "type": "origins:execute_command",
                    "command": "execute anchored eyes run particle minecraft:trial_omen ^ ^ ^ 0 0 0 0 1 force @a[tag=clown]"
                }
            },
            "bientity_condition": {
                "type": "origins:and",
                "conditions": [
                    {
                        "type": "origins:distance",
                        "comparison": ">",
                        "compare_to": 12
                    },
                    {
                        "type": "origins:distance",
                        "comparison": "<=",
                        "compare_to": 92
                    },
                    {
                        "type": "origins:can_see"
                    }
                ]
            }
        },
        "interval": 1
    },
    "name": "Psyche: Insanity",
    "description": "PLEASING OTHERS IS §mpointless§r AMAZING!!",
    "badges": [
        {
            "type": "origins:tooltip",
            "sprite": "minecraft:textures/particle/raid_omen.png",
            "text": "§c§lInsanity §r§c🧠§r\n§7You cannot see entities that are further than 12 blocks from you.\nInstead, they show as a blob of particles.\n\n§7§lPassive Ability"
        }
    ]
}