{
    "description": "Water Aspect",
    "supported_items": "#minecraft:enchantable/sword",
    "weight": 100,
    "max_level": 3,
    "min_cost": {
        "base": 1,
        "per_level_above_first": 1
    },
    "max_cost": {
        "base": 51,
        "per_level_above_first": 10
    },
    "anvil_cost": 4,
    "slots": [
        "mainhand"
    ],
    "effects": {
        "minecraft:armor_effectiveness": [
            {
                "effect": {
                    "type": "minecraft:add",
                    "value": {
                        "type": "minecraft:linear",
                        "base": -0.10,
                        "per_level_above_first": -0.10
                    }
                }
            }
        ]
    }
}