{
    "type": "origins:multiple",
    "rod": {
        "type": "origins:action_on_callback",
        "entity_action_gained": {
            "type": "origins:if_else",
            "condition": {
                "type": "origins:inventory",
                "process_mode": "items",
                "comparison": "==",
                "compare_to": 0,
                "item_condition": {
                    "type": "origins:custom_data",
                    "nbt": "{angler:1b}"
                }
            },
            "if_action": {
                "type": "origins:and",
                "actions": [
                    {
                        "type": "origins:execute_command",
                        "command": "function angler:give_rod"
                    },
                    {
                        "type": "origins:modify_inventory",
                        "inventory_type": "inventory",
                        "item_action": {
                            "type": "origins:modify",
                            "modifier": "angler:fishing_rod_upgrade1"
                        },
                        "item_condition": {
                            "type": "origins:and",
                            "conditions": [
                                {
                                    "type": "origins:custom_data",
                                    "nbt": "{angler:1b}"
                                },
                                {
                                    "type": "origins:power_count",
                                    "slot": "any",
                                    "comparison": "==",
                                    "compare_to": 0
                                }
                            ]
                        }
                    }
                ]
            }
        },
        "execute_chosen_when_orb": true
    },
    "cooldown": {
        "type": "origins:resource",
        "min": 0,
        "max": 400,
        "start_value": 0,
        "hud_render": {
            "should_render": true,
            "bar_index": 0,
            "sprite_location": "hypno:textures/bars/angler/angler.png",
            "condition": {
                "type": "origins:resource",
                "resource": "angler:fishing/throw_cooldown",
                "comparison": ">",
                "compare_to": 0
            }
        }
    },
    "cooldown_down": {
        "type": "origins:action_over_time",
        "entity_action": {
            "type": "origins:change_resource",
            "resource": "angler:fishing/throw_cooldown",
            "change": -1
        },
        "interval": 1
    },
    "name": "Hook Surfing",
    "description": "You've learned all the tricks the fishing rod holds. The only thing holding you back is the brittle fishing rod's line.",
    "badges": [
        {
            "type": "origins:tooltip",
            "sprite": "origins:textures/gui/badge/star.png",
            "text": "§b§lHook Surf ↪§r\n§7Send out and §r§aride§r§7 your fishing bobber, dashing forward.\n§aNegates§r§7 fall damage when you land.\n\n§e⌛§r§7 Cooldown: §f20s §7§r§8\n\n§7§lActive Ability"
        },
        {
            "type": "origins:tooltip",
            "sprite": "hypno:textures/item/angler/treasure.png",
            "text": "§e§lDeep Treasure 🌟§r\n§7Using an Angler's treasure, you can upgrade your rod!\nThis increases it's momentum and reduces Hook Surfing's cooldown.\n\n§7§lPassive Ability"
        },
        {
            "type": "origins:tooltip",
            "sprite": "minecraft:textures/item/fishing_rod.png",
            "text": [
                "§7Hold §r[",
                {
                    "keybind": "key.origins.primary_active"
                },
                "]§7 and §r[",
                {
                    "keybind": "key.use"
                },
                "]§7 to become one with the fishing bobber!\nRequires Angler's rod in hand."
            ]
        }
    ]
}