{
    "type": "origins:active_self",
    "entity_action": {
        "type": "origins:fire_projectile",
        "entity_type": "minecraft:armor_stand",
        "count": 1,
        "speed": 1.5,
        "divergence": 1,
        "tag": "{Marker:1b,Invisible:1b,Tags:[\"cleavemaster.sawblade\"],Passengers:[{id:\"minecraft:item_display\",Tags:[\"cleavemaster.sawblade\",\"cleavemaster.sawblade2\"],transformation:{left_rotation:[0f,0f,0f,1f],right_rotation:[0f,0f,0f,1f],translation:[0f,3f,0f],scale:[4f,4f,4f]},item:{id:\"minecraft:diamond_sword\",count:1,components:{\"minecraft:custom_model_data\":42}}}]}",
        "projectile_action": {
            "type": "origins:execute_command",
            "command": "power grant @s cleavemaster:saw/sawpower"
        }
    },
    "cooldown": 1,
    "hud_render": {
        "should_render": true
    }
}