{
    "type": "origins:multiple",
    "duration": {
        "type": "origins:resource",
        "min": 0,
        "max": 160,
        "start_value": 160,
        "hud_render": {
            "should_render": false
        },
        "min_action": {
            "type": "origins:execute_command",
            "command": "function angler:kill_cod",
            "permission_level": 4
        }
    },
    "cancel": {
        "type": "origins:action_over_time",
        "falling_action": {
            "type": "origins:and",
            "actions": [
                {
                    "type": "origins:execute_command",
                    "command": "execute as @n[tag=aj.angler_cod.root] run function animated_java:angler_cod/remove/this"
                },
                {
                    "type": "origins:execute_command",
                    "command": "kill @s"
                }
            ]
        },
        "interval": 1,
        "condition": {
            "type": "origins:riding"
        }
    },
    "duration_down": {
        "type": "origins:action_over_time",
        "entity_action": {
            "type": "origins:change_resource",
            "resource": "angler:tp/cod_duration",
            "change": -10
        },
        "interval": 10
    },
    "sounds": {
        "type": "origins:action_over_time",
        "entity_action": {
            "type": "origins:and",
            "actions": [
                {
                    "type": "origins:execute_command",
                    "command": "playsound minecraft:entity.iron_golem.repair player @s ~ ~ ~ 3 0.5",
                    "permission_level": 4
                },
                {
                    "type": "origins:execute_command",
                    "command": "playsound minecraft:entity.allay.item_taken player @a ~ ~ ~ 4 0.5",
                    "permission_level": 4
                }
            ]
        },
        "interval": 40
    },
    "idle": {
        "type": "origins:action_over_time",
        "rising_action": {
            "type": "origins:execute_command",
            "command": "execute on passengers run function animated_java:angler_cod/animations/idle/play"
        },
        "interval": 1,
        "condition": {
            "type": "origins:resource",
            "resource": "angler:tp/cod_duration",
            "comparison": "==",
            "compare_to": 120
        }
    },
    "hidden": true
}