{
    "type": "origins:multiple",
    "invuln":{
        "type": "origins:invulnerability",
        "damage_condition": {
            "type": "origins:type",
            "damage_type": "angler:dash"
        }
    },
    "name": "Joust",
    "description": "One swift swing of the SwordFish is enough to cut the howling wind around you.",
    "badges": [
        {
            "type": "origins:tooltip",
            "sprite": "origins:textures/gui/badge/star.png",
            "text": "§b§lJoust 🐬§r\n§7While holding the §r§9Swordfish§r§7, quickly dash forward.\n§7Using Joust through a target will §r§arefund§r§7 part of the cooldown and deal 1 §ftrue§f damage to entities hit.\n\n§6🕒§r§7 Windup: §r§f0.75s\n§e⌛§r§7 Cooldown: §r§f5s §7/ §f4.5s §7/ §f4s §7/ §f3s\n\n§7§lActive Ability"
        },
        {
            "type": "origins:tooltip",
            "sprite": "origins:textures/gui/badge/toggle.png",
            "text": [
                "§7Hold §r[",
                {
                    "keybind": "key.origins.primary_active"
                },
                "]§7 and §r[",
                {
                    "keybind": "key.attack"
                },
                "]§7 with the Swordfish in hand to Dash!"
            ]
        }
    ]
}