{
    "description": "Blunt",
    "exclusive_set": "#minecraft:exclusive_set/damage",
    "supported_items": "#minecraft:enchantable/sword",
    "weight": 100,
    "max_level": 4,
    "min_cost": {
        "base": 1,
        "per_level_above_first": 11
    },
    "max_cost": {
        "base": 21,
        "per_level_above_first": 11
    },
    "anvil_cost": 1,
    "slots": [
        "mainhand"
    ],
    "effects": {
    "minecraft:damage": [
      {
        "effect": {
          "type": "minecraft:add",
          "value": {
            "type": "minecraft:linear",
            "base": 1,
            "per_level_above_first": 0.5
          }
        }
      },
      {
        "effect": {
          "type": "minecraft:add",
          "value": {
            "type": "minecraft:linear",
            "base": 1,
            "per_level_above_first": 0.5
          }
        },
        "requirements": {
          "condition": "minecraft:any_of",
          "terms": [
            {
              "condition": "minecraft:entity_properties",
              "entity": "this",
              "predicate": {
                "equipment": {
                  "head": {
                    "items": "#minecraft:head_armor"
                  }
                }
              }
            },
            {
              "condition": "minecraft:entity_properties",
              "entity": "this",
              "predicate": {
                "equipment": {
                  "chest": {
                    "items": "#minecraft:chest_armor"
                  }
                }
              }
            },
            {
              "condition": "minecraft:entity_properties",
              "entity": "this",
              "predicate": {
                "equipment": {
                  "legs": {
                    "items": "#minecraft:leg_armor"
                  }
                }
              }
            },
            {
              "condition": "minecraft:entity_properties",
              "entity": "this",
              "predicate": {
                "equipment": {
                  "feet": {
                    "items": "#minecraft:foot_armor"
                  }
                }
              }
            }
          ]
        }
      }
    ]
  }
}