{
    "description": "Water Aspect",
    "supported_items": "#minecraft:enchantable/sword",
    "weight": 100,
    "max_level": 3,
    "min_cost": {
        "base": 1,
        "per_level_above_first": 1
    },
    "max_cost": {
        "base": 51,
        "per_level_above_first": 10
    },
    "anvil_cost": 4,
    "slots": [
        "mainhand"
    ],
    "effects": {
        "minecraft:damage": [
            {
                "effect": {
                    "type": "minecraft:add",
                    "value": {
                        "type": "minecraft:linear",
                        "base": 1,
                        "per_level_above_first": 1
                    }
                },
                "requirements": {
                    "condition": "minecraft:any_of",
                    "terms": [
                        {
                            "condition": "minecraft:entity_properties",
                            "entity": "this",
                            "predicate": {
                                "nbt": "{Tags:[\"drenched\"]}"
                            }
                        },
                        {
                            "condition": "minecraft:entity_properties",
                            "entity": "this",
                            "predicate": {
                                "location": {
                                    "fluid": {
                                        "fluids": "#minecraft:water"
                                    }
                                }
                            }
                        }
                    ]
                }
            }
        ]
    }
}