[
	{
		"function": "minecraft:set_lore",
		"entity": "this",
		"lore": [
			{
				"text": ""
			},
			{
				"text": "When in Main Hand:",
				"color": "gray",
				"italic": false
			},
			{
				"text": " 4 Attack Damage",
				"color": "dark_green",
				"italic": false
			},
			{
				"text": " 4 Attack Speed",
				"color": "dark_green",
				"italic": false
			}
		],
		"mode": "replace_all"
	},
	{
		"function": "minecraft:toggle_tooltips",
		"toggles": {
			"minecraft:attribute_modifiers": false
		}
	}
]