{
	"credit": "Made with Blockbench",
	"parent": "chosen_staff",
	"texture_size": [32, 32],
	"textures": {
		"1": "hypno:item/chosen/staff"
	},
	"elements": [
		{
			"from": [7.25, -3, 8.25],
			"to": [8.75, 22, 9.75],
			"rotation": {"angle": 0, "axis": "y", "origin": [7, 5, 8]},
			"faces": {
				"north": {"uv": [0, 0, 1, 12.5], "texture": "#1"},
				"east": {"uv": [0, 0, 1, 12.5], "texture": "#1"},
				"south": {"uv": [0, 0, 1, 12.5], "texture": "#1"},
				"west": {"uv": [0, 0, 1, 12.5], "texture": "#1"},
				"up": {"uv": [4, 2, 3, 1], "texture": "#1"},
				"down": {"uv": [4, 1, 3, 2], "texture": "#1"}
			}
		},
		{
			"from": [7.05, 24, 6.75],
			"to": [8.85, 27, 8.75],
			"rotation": {"angle": 0, "axis": "y", "origin": [10, 24, 7]},
			"faces": {
				"north": {"uv": [1, 1.5, 2, 3], "texture": "#1"},
				"east": {"uv": [1, 1.5, 2, 3], "texture": "#1"},
				"south": {"uv": [1, 1.5, 2, 3], "texture": "#1"},
				"west": {"uv": [1, 1.5, 2, 3], "texture": "#1"},
				"up": {"uv": [2, 3, 1, 1.5], "texture": "#1"},
				"down": {"uv": [2, 1.5, 1, 3], "texture": "#1"}
			}
		},
		{
			"from": [7.35, 25, 5.75],
			"to": [8.75, 28, 7.75],
			"rotation": {"angle": 0, "axis": "y", "origin": [10, 25, 6]},
			"faces": {
				"north": {"uv": [1, 0, 2, 1.5], "texture": "#1"},
				"east": {"uv": [1, 1.5, 2, 3], "texture": "#1"},
				"south": {"uv": [1, 0, 2, 1.5], "texture": "#1"},
				"west": {"uv": [1, 1.5, 2, 3], "texture": "#1"},
				"up": {"uv": [3, 3.5, 2, 2.5], "texture": "#1"},
				"down": {"uv": [3, 2.5, 2, 3.5], "texture": "#1"}
			}
		},
		{
			"from": [7.15, 28, 5.75],
			"to": [8.75, 30, 8.75],
			"rotation": {"angle": 0, "axis": "y", "origin": [10, 28, 7]},
			"faces": {
				"north": {"uv": [1, 3, 2, 4], "texture": "#1"},
				"east": {"uv": [2, 0, 3.5, 1], "texture": "#1"},
				"south": {"uv": [1, 3, 2, 4], "texture": "#1"},
				"west": {"uv": [2, 0, 3.5, 1], "texture": "#1"},
				"up": {"uv": [3, 2.5, 2, 1], "texture": "#1"},
				"down": {"uv": [3, 1, 2, 2.5], "texture": "#1"}
			}
		},
		{
			"from": [7.25, 30, 7.75],
			"to": [8.75, 31, 10.75],
			"rotation": {"angle": 0, "axis": "y", "origin": [10, 29, 9]},
			"faces": {
				"north": {"uv": [3, 2.5, 4, 3], "texture": "#1"},
				"east": {"uv": [3, 2, 4.5, 2.5], "texture": "#1"},
				"south": {"uv": [3, 2.5, 4, 3], "texture": "#1"},
				"west": {"uv": [3, 2, 4.5, 2.5], "texture": "#1"},
				"up": {"uv": [2, 1.5, 1, 0], "texture": "#1"},
				"down": {"uv": [2, 0, 1, 1.5], "texture": "#1"}
			}
		},
		{
			"from": [7.25, 22, 7.75],
			"to": [8.75, 25, 9.75],
			"rotation": {"angle": 0, "axis": "y", "origin": [10, 22, 8]},
			"faces": {
				"north": {"uv": [1, 0, 2, 1.5], "texture": "#1"},
				"east": {"uv": [1, 1.5, 2, 3], "texture": "#1"},
				"south": {"uv": [1, 0, 2, 1.5], "texture": "#1"},
				"west": {"uv": [1, 1.5, 2, 3], "texture": "#1"},
				"up": {"uv": [3, 3.5, 2, 2.5], "texture": "#1"},
				"down": {"uv": [3, 2.5, 2, 3.5], "texture": "#1"}
			}
		}
	],
	"display": {
		"thirdperson_righthand": {
			"rotation": [0, 180, 0],
			"translation": [0, -8, 2]
		},
		"thirdperson_lefthand": {
			"rotation": [0, 180, 0],
			"translation": [0, -8, 2]
		},
		"firstperson_righthand": {
			"rotation": [-20, -75, 0],
			"translation": [-0.5, -7.5, 5.5]
		},
		"firstperson_lefthand": {
			"rotation": [-20, -75, 0],
			"translation": [-0.5, -7.5, 5.5]
		},
		"ground": {
			"scale": [0.5, 0.5, 0.5]
		},
		"gui": {
			"rotation": [0, 90, 0],
			"translation": [0.5, -3, 0],
			"scale": [0.5, 0.5, 0.5]
		},
		"fixed": {
			"rotation": [0, 90, 0],
			"translation": [-0.5, -3, 0],
			"scale": [0.5, 0.5, 0.5]
		}
	}
}