{
	"credit": "Made with Blockbench",
	"parent": "balloon",
	"texture_size": [32, 32],
	"textures": {
		"2": "hypno:item/clown/balloon"
	},
	"elements": [
		{
			"from": [7, 14, 10],
			"to": [8, 16, 10],
			"rotation": {"angle": 0, "axis": "y", "origin": [6, 14, 10]},
			"faces": {
				"north": {"uv": [5, 4, 5.5, 5], "texture": "#2"},
				"east": {"uv": [0, 0, 0, 1], "texture": "#2"},
				"south": {"uv": [5, 4, 5.5, 5], "texture": "#2"},
				"west": {"uv": [0, 0, 0, 1], "texture": "#2"},
				"up": {"uv": [0.5, 0, 0, 0], "texture": "#2"},
				"down": {"uv": [0.5, 0, 0, 0], "texture": "#2"}
			}
		},
		{
			"from": [6, 12, 10],
			"to": [7, 14, 10],
			"rotation": {"angle": 0, "axis": "y", "origin": [8, 12, 10]},
			"faces": {
				"north": {"uv": [5, 4, 5.5, 5], "texture": "#2"},
				"east": {"uv": [0, 0, 0, 1], "texture": "#2"},
				"south": {"uv": [5, 4, 5.5, 5], "texture": "#2"},
				"west": {"uv": [0, 0, 0, 1], "texture": "#2"},
				"up": {"uv": [0.5, 0, 0, 0], "texture": "#2"},
				"down": {"uv": [0.5, 0, 0, 0], "texture": "#2"}
			}
		},
		{
			"from": [7, 10, 10],
			"to": [7, 12, 11],
			"rotation": {"angle": 0, "axis": "y", "origin": [7, 10, 9]},
			"faces": {
				"north": {"uv": [0, 0, 0, 1], "texture": "#2"},
				"east": {"uv": [5, 4, 5.5, 5], "texture": "#2"},
				"south": {"uv": [0, 0, 0, 1], "texture": "#2"},
				"west": {"uv": [5, 4, 5.5, 5], "texture": "#2"},
				"up": {"uv": [0.5, 0, 0, 0], "texture": "#2"},
				"down": {"uv": [0.5, 0, 0, 0], "texture": "#2"}
			}
		},
		{
			"from": [7, 8, 10],
			"to": [8, 10, 10],
			"rotation": {"angle": 0, "axis": "y", "origin": [6, 8, 10]},
			"faces": {
				"north": {"uv": [5, 4, 5.5, 5], "texture": "#2"},
				"east": {"uv": [0, 0, 0, 1], "texture": "#2"},
				"south": {"uv": [5, 4, 5.5, 5], "texture": "#2"},
				"west": {"uv": [0, 0, 0, 1], "texture": "#2"},
				"up": {"uv": [0.5, 0, 0, 0], "texture": "#2"},
				"down": {"uv": [0.5, 0, 0, 0], "texture": "#2"}
			}
		},
		{
			"from": [7, 16, 10],
			"to": [7, 18, 11],
			"rotation": {"angle": 0, "axis": "y", "origin": [7, 16, 10]},
			"faces": {
				"north": {"uv": [0, 0, 0, 1], "texture": "#2"},
				"east": {"uv": [5, 4, 5.5, 5], "texture": "#2"},
				"south": {"uv": [0, 0, 0, 1], "texture": "#2"},
				"west": {"uv": [5, 4, 5.5, 5], "texture": "#2"},
				"up": {"uv": [0.5, 0, 0, 0], "texture": "#2"},
				"down": {"uv": [0.5, 0, 0, 0], "texture": "#2"}
			}
		},
		{
			"from": [2, 18, 6],
			"to": [12, 28, 16],
			"rotation": {"angle": 0, "axis": "y", "origin": [6, 18, 7]},
			"faces": {
				"north": {"uv": [0, 0, 5, 5], "texture": "#2"},
				"east": {"uv": [0, 0, 5, 5], "texture": "#2"},
				"south": {"uv": [0, 0, 5, 5], "texture": "#2"},
				"west": {"uv": [0, 0, 5, 5], "texture": "#2"},
				"up": {"uv": [5, 5, 0, 0], "texture": "#2"},
				"down": {"uv": [5, 0, 0, 5], "texture": "#2"}
			}
		},
		{
			"from": [12, 19, 7],
			"to": [13, 27, 15],
			"rotation": {"angle": 0, "axis": "y", "origin": [4, 18, 12]},
			"faces": {
				"north": {"uv": [5, 0, 5.5, 4], "texture": "#2"},
				"east": {"uv": [0, 5, 4, 9], "texture": "#2"},
				"south": {"uv": [5, 0, 5.5, 4], "texture": "#2"},
				"west": {"uv": [0, 5, 4, 9], "texture": "#2"},
				"up": {"uv": [4.5, 9, 4, 5], "texture": "#2"},
				"down": {"uv": [4.5, 5, 4, 9], "texture": "#2"}
			}
		},
		{
			"from": [3, 28, 7],
			"to": [11, 29, 15],
			"rotation": {"angle": 0, "axis": "z", "origin": [12, 20, 12]},
			"faces": {
				"north": {"uv": [5, 0, 5.5, 4], "texture": "#2"},
				"east": {"uv": [4, 5, 4.5, 9], "texture": "#2"},
				"south": {"uv": [5, 0, 5.5, 4], "texture": "#2"},
				"west": {"uv": [4, 5, 4.5, 9], "texture": "#2"},
				"up": {"uv": [4, 9, 0, 5], "texture": "#2"},
				"down": {"uv": [4, 5, 0, 9], "texture": "#2"}
			}
		},
		{
			"from": [3, 17, 7],
			"to": [11, 18, 15],
			"rotation": {"angle": 0, "axis": "y", "origin": [12, 9, 12]},
			"faces": {
				"north": {"uv": [5, 0, 5.5, 4], "texture": "#2"},
				"east": {"uv": [4, 5, 4.5, 9], "texture": "#2"},
				"south": {"uv": [5, 0, 5.5, 4], "texture": "#2"},
				"west": {"uv": [4, 5, 4.5, 9], "texture": "#2"},
				"up": {"uv": [4, 9, 0, 5], "texture": "#2"},
				"down": {"uv": [4, 5, 0, 9], "texture": "#2"}
			}
		},
		{
			"from": [3, 19, 16],
			"to": [11, 27, 17],
			"rotation": {"angle": 0, "axis": "y", "origin": [6, 18, 8]},
			"faces": {
				"north": {"uv": [0, 5, 4, 9], "texture": "#2"},
				"east": {"uv": [5, 0, 5.5, 4], "texture": "#2"},
				"south": {"uv": [0, 5, 4, 9], "texture": "#2"},
				"west": {"uv": [5, 0, 5.5, 4], "texture": "#2"},
				"up": {"uv": [4.5, 9, 4, 5], "texture": "#2"},
				"down": {"uv": [4.5, 5, 4, 9], "texture": "#2"}
			}
		},
		{
			"from": [1, 19, 7],
			"to": [2, 27, 15],
			"rotation": {"angle": 0, "axis": "y", "origin": [-7, 18, 12]},
			"faces": {
				"north": {"uv": [5, 0, 5.5, 4], "texture": "#2"},
				"east": {"uv": [0, 5, 4, 9], "texture": "#2"},
				"south": {"uv": [5, 0, 5.5, 4], "texture": "#2"},
				"west": {"uv": [0, 5, 4, 9], "texture": "#2"},
				"up": {"uv": [4.5, 9, 4, 5], "texture": "#2"},
				"down": {"uv": [4.5, 5, 4, 9], "texture": "#2"}
			}
		},
		{
			"from": [3, 19, 5],
			"to": [11, 27, 6],
			"rotation": {"angle": 0, "axis": "y", "origin": [6, 18, -3]},
			"faces": {
				"north": {"uv": [0, 5, 4, 9], "texture": "#2"},
				"east": {"uv": [5, 0, 5.5, 4], "texture": "#2"},
				"south": {"uv": [0, 5, 4, 9], "texture": "#2"},
				"west": {"uv": [5, 0, 5.5, 4], "texture": "#2"},
				"up": {"uv": [4.5, 9, 4, 5], "texture": "#2"},
				"down": {"uv": [4.5, 5, 4, 9], "texture": "#2"}
			}
		}
	],
	"display": {
		"thirdperson_righthand": {
			"rotation": [-90, 0, 0],
			"translation": [0, -3.5, 0.5],
			"scale": [0.6, 0.6, 0.6]
		},
		"thirdperson_lefthand": {
			"rotation": [-90, 0, 0],
			"translation": [0, -3.5, 0.25],
			"scale": [0.6, 0.6, 0.6]
		},
		"ground": {
			"scale": [0.75, 0.75, 0.75]
		},
		"gui": {
			"translation": [0.75, -8, 0],
			"scale": [0.75, 0.75, 0.75]
		},
		"head": {
			"translation": [0, 0, -2.75]
		},
		"fixed": {
			"translation": [0, -9, -4.25]
		}
	},
	"groups": [
		{
			"name": "group",
			"origin": [7, 16, 10],
			"color": 0,
			"children": [
				{
					"name": "group",
					"origin": [7, 16, 10],
					"color": 0,
					"children": [0, 1, 2, 3, 4]
				},
				{
					"name": "group",
					"origin": [7, 16, 10],
					"color": 0,
					"children": [5, 6, 7, 8, 9, 10, 11]
				}
			]
		}
	]
}