{
	"credit": "Made with Blockbench",
	"parent": "comedy_mask",
	"texture_size": [32, 32],
	"textures": {
		"1": "hypno:item/clown/comedy_mask",
		"particle": "hypno:item/clown/comedy_mask"
	},
	"elements": [
		{
			"from": [13, 8, 1],
			"to": [15, 10, 15],
			"faces": {
				"north": {"uv": [10, 3, 11, 4], "texture": "#1"},
				"east": {"uv": [0, 0, 7, 1], "texture": "#1"},
				"south": {"uv": [4, 10, 5, 11], "texture": "#1"},
				"west": {"uv": [0, 1, 7, 2], "texture": "#1"},
				"up": {"uv": [1, 9, 0, 2], "texture": "#1"},
				"down": {"uv": [2, 2, 1, 9], "texture": "#1"}
			}
		},
		{
			"from": [1, 8, 13],
			"to": [15, 10, 15],
			"faces": {
				"north": {"uv": [4, 4, 11, 5], "texture": "#1"},
				"east": {"uv": [11, 6.5, 12, 7.5], "texture": "#1"},
				"south": {"uv": [4, 5, 11, 6], "texture": "#1"},
				"west": {"uv": [8, 11, 9, 12], "texture": "#1"},
				"up": {"uv": [11, 7, 4, 6], "texture": "#1"},
				"down": {"uv": [14, 0, 7, 1], "texture": "#1"}
			}
		},
		{
			"from": [1, 8, 1],
			"to": [3, 10, 15],
			"faces": {
				"north": {"uv": [11, 4.5, 12, 5.5], "texture": "#1"},
				"east": {"uv": [2, 2, 9, 3], "texture": "#1"},
				"south": {"uv": [11, 5.5, 12, 6.5], "texture": "#1"},
				"west": {"uv": [2, 3, 9, 4], "texture": "#1"},
				"up": {"uv": [3, 11, 2, 4], "texture": "#1"},
				"down": {"uv": [4, 4, 3, 11], "texture": "#1"}
			}
		},
		{
			"name": "top bar",
			"from": [3, 11, 1],
			"to": [13, 12, 2],
			"faces": {
				"north": {"uv": [7, 1, 12, 1.5], "texture": "#1"},
				"east": {"uv": [5.5, 12, 6, 12.5], "texture": "#1"},
				"south": {"uv": [7, 1.5, 12, 2], "texture": "#1"},
				"west": {"uv": [12, 5.5, 12.5, 6], "texture": "#1"},
				"up": {"uv": [9, 7.5, 4, 7], "texture": "#1"},
				"down": {"uv": [9, 7.5, 4, 8], "texture": "#1"}
			}
		},
		{
			"name": "block a",
			"from": [11, 7, 1],
			"to": [13, 9, 2],
			"rotation": {"angle": 0, "axis": "y", "origin": [0, -3, 0]},
			"faces": {
				"north": {"uv": [0, 11, 1, 12], "texture": "#1"},
				"east": {"uv": [9, 11.5, 9.5, 12.5], "texture": "#1"},
				"south": {"uv": [1, 11, 2, 12], "texture": "#1"},
				"west": {"uv": [9.5, 11.5, 10, 12.5], "texture": "#1"},
				"up": {"uv": [12.5, 10.5, 11.5, 10], "texture": "#1"},
				"down": {"uv": [11.5, 11.5, 10.5, 12], "texture": "#1"}
			}
		},
		{
			"name": "block b",
			"from": [6, 7, 1],
			"to": [10, 9, 2],
			"rotation": {"angle": 0, "axis": "y", "origin": [0, -3, 0]},
			"faces": {
				"north": {"uv": [0, 10, 2, 11], "texture": "#1"},
				"east": {"uv": [11.5, 10.5, 12, 11.5], "texture": "#1"},
				"south": {"uv": [10, 2, 12, 3], "texture": "#1"},
				"west": {"uv": [11.5, 11.5, 12, 12.5], "texture": "#1"},
				"up": {"uv": [4, 11.5, 2, 11], "texture": "#1"},
				"down": {"uv": [13, 3, 11, 3.5], "texture": "#1"}
			}
		},
		{
			"name": "block c",
			"from": [3, 7, 1],
			"to": [5, 9, 2],
			"rotation": {"angle": 0, "axis": "y", "origin": [0, -3, 0]},
			"faces": {
				"north": {"uv": [11, 3.5, 12, 4.5], "texture": "#1"},
				"east": {"uv": [0, 12, 0.5, 13], "texture": "#1"},
				"south": {"uv": [4, 11, 5, 12], "texture": "#1"},
				"west": {"uv": [0.5, 12, 1, 13], "texture": "#1"},
				"up": {"uv": [2, 12.5, 1, 12], "texture": "#1"},
				"down": {"uv": [13, 1, 12, 1.5], "texture": "#1"}
			}
		},
		{
			"name": "block c",
			"from": [5, 10, 1],
			"to": [6, 11, 2],
			"rotation": {"angle": 0, "axis": "y", "origin": [0, 2, 0]},
			"faces": {
				"north": {"uv": [12, 1.5, 12.5, 2], "texture": "#1"},
				"east": {"uv": [2, 12, 2.5, 12.5], "texture": "#1"},
				"south": {"uv": [12, 2, 12.5, 2.5], "texture": "#1"},
				"west": {"uv": [2.5, 12, 3, 12.5], "texture": "#1"},
				"up": {"uv": [12.5, 3, 12, 2.5], "texture": "#1"},
				"down": {"uv": [12.5, 3.5, 12, 4], "texture": "#1"}
			}
		},
		{
			"name": "block c",
			"from": [10, 10, 1],
			"to": [11, 11, 2],
			"rotation": {"angle": 0, "axis": "y", "origin": [0, 2, 0]},
			"faces": {
				"north": {"uv": [4, 12, 4.5, 12.5], "texture": "#1"},
				"east": {"uv": [12, 4, 12.5, 4.5], "texture": "#1"},
				"south": {"uv": [4.5, 12, 5, 12.5], "texture": "#1"},
				"west": {"uv": [12, 4.5, 12.5, 5], "texture": "#1"},
				"up": {"uv": [5.5, 12.5, 5, 12], "texture": "#1"},
				"down": {"uv": [12.5, 5, 12, 5.5], "texture": "#1"}
			}
		},
		{
			"name": "bottom barL",
			"from": [9, 6, 1],
			"to": [13, 8, 2],
			"faces": {
				"north": {"uv": [8, 8, 10, 9], "texture": "#1"},
				"east": {"uv": [10, 11, 10.5, 12], "texture": "#1"},
				"south": {"uv": [0, 9, 2, 10], "texture": "#1"},
				"west": {"uv": [11, 10, 11.5, 11], "texture": "#1"},
				"up": {"uv": [12, 8.5, 10, 8], "texture": "#1"},
				"down": {"uv": [12, 8.5, 10, 9], "texture": "#1"}
			}
		},
		{
			"name": "bottom barR",
			"from": [3, 6, 1],
			"to": [7, 8, 2],
			"faces": {
				"north": {"uv": [9, 7, 11, 8], "texture": "#1"},
				"east": {"uv": [3, 11.5, 3.5, 12.5], "texture": "#1"},
				"south": {"uv": [9, 9, 11, 10], "texture": "#1"},
				"west": {"uv": [3.5, 11.5, 4, 12.5], "texture": "#1"},
				"up": {"uv": [11, 10.5, 9, 10], "texture": "#1"},
				"down": {"uv": [11, 10.5, 9, 11], "texture": "#1"}
			}
		},
		{
			"name": "right bar",
			"from": [2, 7, 1],
			"to": [4, 11, 2],
			"faces": {
				"north": {"uv": [4, 8, 5, 10], "texture": "#1"},
				"east": {"uv": [5, 10, 5.5, 12], "texture": "#1"},
				"south": {"uv": [5, 8, 6, 10], "texture": "#1"},
				"west": {"uv": [5.5, 10, 6, 12], "texture": "#1"},
				"up": {"uv": [12, 8, 11, 7.5], "texture": "#1"},
				"down": {"uv": [10, 11, 9, 11.5], "texture": "#1"}
			}
		},
		{
			"name": "middle bar",
			"from": [7, 8, 1],
			"to": [9, 12, 2],
			"rotation": {"angle": 0, "axis": "y", "origin": [0, 1, 0]},
			"faces": {
				"north": {"uv": [9, 2, 10, 4], "texture": "#1"},
				"east": {"uv": [7, 10, 7.5, 12], "texture": "#1"},
				"south": {"uv": [8, 9, 9, 11], "texture": "#1"},
				"west": {"uv": [7.5, 10, 8, 12], "texture": "#1"},
				"up": {"uv": [11.5, 11.5, 10.5, 11], "texture": "#1"},
				"down": {"uv": [3, 11.5, 2, 12], "texture": "#1"}
			}
		},
		{
			"name": "left bar",
			"from": [12, 7, 1],
			"to": [14, 11, 2],
			"faces": {
				"north": {"uv": [6, 8, 7, 10], "texture": "#1"},
				"east": {"uv": [6, 10, 6.5, 12], "texture": "#1"},
				"south": {"uv": [7, 8, 8, 10], "texture": "#1"},
				"west": {"uv": [6.5, 10, 7, 12], "texture": "#1"},
				"up": {"uv": [12, 9.5, 11, 9], "texture": "#1"},
				"down": {"uv": [12, 9.5, 11, 10], "texture": "#1"}
			}
		}
	],
	"display": {
		"thirdperson_righthand": {
			"translation": [0, 0, 2.5],
			"scale": [0.4, 0.4, 0.4]
		},
		"ground": {
			"scale": [0.65, 0.65, 0.65]
		},
		"gui": {
			"rotation": [0, -180, 0]
		},
		"fixed": {
			"translation": [0, 0, 7.75]
		}
	},
	"groups": [
		0,
		1,
		2,
		{
			"name": "mask",
			"origin": [8, 8, 8],
			"color": 0,
			"children": [
				3,
				{
					"name": "group",
					"origin": [8, 8, 8],
					"color": 0,
					"children": [4, 5, 6, 7, 8]
				},
				{
					"name": "bottom bar",
					"origin": [0, 0, 0],
					"color": 0,
					"children": [9, 10]
				},
				11,
				12,
				13
			]
		}
	]
}