{
	"type": "origins:multiple",

    "resource": {
        "type": "origins:resource",
        "min": 0,
        "max": 3,
        "start_value": 3,
        "hud_render": {
            "should_render": false
        },
        "min_action": {
            "type": "origins:and",
            "actions": [
                {
                    "type": "origins:selector_action",
                    "selector": "@a",
                    "bientity_action": {
                        "type": "origins:target_action",
                        "action": {
                            "type": "origins:change_resource",
                            "resource": "bear:home/home_range_cooldown",
                            "change": 3600
                        }
                    },
                    "bientity_condition": {
                        "type": "origins:invert",
                        "condition": {
                            "type": "origins:in_entity_set",
                            "set": "bear:home/home_range_home_limit"
                        }
                    }
                },
                {
                    "type": "origins:execute_command",
                    "command": "forceload remove ~ ~ ~ ~"
                },
                {
                    "type": "origins:execute_command",
                    "command": "particle minecraft:crit ~ ~ ~ 0 0 0 0.4 100"
                },
                {
                    "type": "origins:execute_command",
                    "command": "playsound minecraft:item.honey_bottle.drink player @a ~ ~ ~ 2 2"
                },
                {
                    "type": "origins:execute_command",
                    "command": "playsound minecraft:block.glass.break player @a ~ ~ ~ 2 0.7"
                },
                {
                    "type": "origins:execute_command",
                    "command": "particle minecraft:dripping_honey ~ ~ ~ 0.1 0.1 0.1 1 20"
                },
                {
                    "type": "origins:execute_command",
                    "command": "execute on passengers on passengers run kill @s",
                    "permission_level": 4
                },
                {
                    "type": "origins:execute_command",
                    "command": "execute on passengers run kill @s",
                    "permission_level": 4
                },
                {
                    "type": "origins:execute_command",
                    "command": "kill @s",
                    "permission_level": 4
                }
            ]
        }
    },

    "resource_gain": {
        "type": "origins:action_over_time",
        "entity_action": {
            "type": "origins:selector_action",
            "selector": "@a",
            "bientity_action": {
                "type": "origins:actor_action",
                "action": {
                    "type": "origins:change_resource",
                    "resource": "bear:home/home_ranger_resource",
                    "change": 1
                }
            },
            "bientity_condition": {
                "type": "origins:and",
                "conditions": [
                    {
                        "type": "origins:distance",
                        "comparison": "<=",
                        "compare_to": 60
                    },
                    {
                        "type": "origins:invert",
                        "condition": {
                            "type": "origins:in_entity_set",
                            "set": "bear:home/home_range_home_limit"
                        }
                    }
                ]
            }
        },
        "interval": 10
    },

    "resource_drain": {
        "type": "origins:action_over_time",
        "entity_action": {
            "type": "origins:change_resource",
            "resource": "bear:home/home_ranger_resource",
            "change": -1
        },
        "interval": 10
    },

    "modify_volocity": {
        "type": "origins:modify_velocity",
        "modifier": {
          "amount": -1,
          "operation": "multiply_total_multiplicative"
        },
        "axes": [
          "x",
          "z"
        ]
    }
}