{
	"credit": "Made with Blockbench",
	"texture_size": [32, 32],
	"textures": {
		"3": "hypno:item/neon/gun_fist"
	},
	"elements": [
		{
			"from": [8.1, 12.5, 0],
			"to": [9.9, 17, 2],
			"rotation": {"angle": 22.5, "axis": "x", "origin": [8, 9, 0]},
			"faces": {
				"north": {"uv": [2, 2, 3, 4.25], "texture": "#3"},
				"east": {"uv": [3, 2, 4, 4.25], "texture": "#3"},
				"south": {"uv": [0, 3.5, 1, 5.75], "texture": "#3"},
				"west": {"uv": [1, 3.5, 2, 5.75], "texture": "#3"},
				"up": {"uv": [3.5, 5.5, 2.5, 4.5], "texture": "#3"},
				"down": {"uv": [5.5, 3, 4.5, 4], "texture": "#3"}
			}
		},
		{
			"from": [8, 15, 6],
			"to": [10, 17, 8],
			"rotation": {"angle": -22.5, "axis": "x", "origin": [8, 9, 6]},
			"faces": {
				"north": {"uv": [4.5, 4, 5.5, 5], "texture": "#3"},
				"east": {"uv": [4.5, 5, 5.5, 6], "texture": "#3"},
				"south": {"uv": [5.5, 0, 6.5, 1], "texture": "#3"},
				"west": {"uv": [5.5, 1, 6.5, 2], "texture": "#3"},
				"up": {"uv": [3.5, 6.5, 2.5, 5.5], "texture": "#3"},
				"down": {"uv": [6.5, 3, 5.5, 4], "texture": "#3"}
			}
		},
		{
			"from": [8.1, 14.75, 4.75],
			"to": [9.9, 16.25, 5.25],
			"rotation": {"angle": 0, "axis": "y", "origin": [8, 10.25, 4.75]},
			"faces": {
				"north": {"uv": [5.5, 5, 6.5, 5.75], "texture": "#3"},
				"east": {"uv": [6.5, 5.5, 6.75, 6.25], "texture": "#3"},
				"south": {"uv": [0, 6, 1, 6.75], "texture": "#3"},
				"west": {"uv": [6.5, 6.5, 6.75, 7.25], "texture": "#3"},
				"up": {"uv": [7.5, 2.25, 6.5, 2], "texture": "#3"},
				"down": {"uv": [3.5, 6.5, 2.5, 6.75], "texture": "#3"}
			}
		},
		{
			"from": [7.9, 15.75, 3.75],
			"to": [10.1, 17, 10.75],
			"rotation": {"angle": 0, "axis": "y", "origin": [8, 16, 3.75]},
			"faces": {
				"north": {"uv": [1, 6, 2, 6.75], "texture": "#3"},
				"east": {"uv": [2, 0, 5.5, 0.75], "texture": "#3"},
				"south": {"uv": [4.5, 6, 5.5, 6.75], "texture": "#3"},
				"west": {"uv": [2, 1, 5.5, 1.75], "texture": "#3"},
				"up": {"uv": [1, 3.5, 0, 0], "texture": "#3"},
				"down": {"uv": [2, 0, 1, 3.5], "texture": "#3"}
			}
		},
		{
			"from": [8.75, 15, 5.75],
			"to": [9.5, 15.75, 10.75],
			"rotation": {"angle": 0, "axis": "y", "origin": [8, 15.25, 3.75]},
			"faces": {
				"north": {"uv": [6.5, 2.5, 7, 3], "texture": "#3"},
				"east": {"uv": [4, 2, 6.5, 2.5], "texture": "#3"},
				"south": {"uv": [6.5, 3, 7, 3.5], "texture": "#3"},
				"west": {"uv": [4, 2.5, 6.5, 3], "texture": "#3"},
				"up": {"uv": [4.5, 5.5, 4, 3], "texture": "#3"},
				"down": {"uv": [2.5, 4.5, 2, 7], "texture": "#3"}
			}
		},
		{
			"from": [8.9, 17, 3.75],
			"to": [9.15, 17.25, 10.75],
			"rotation": {"angle": 0, "axis": "y", "origin": [8.15, 17.5, 3.75]},
			"faces": {
				"north": {"uv": [7, 1.5, 7.25, 1.75], "texture": "#3"},
				"east": {"uv": [5.5, 4, 9, 4.25], "texture": "#3"},
				"south": {"uv": [2, 7, 2.25, 7.25], "texture": "#3"},
				"west": {"uv": [5.5, 4.5, 9, 4.75], "texture": "#3"},
				"up": {"uv": [3.75, 8, 3.5, 4.5], "texture": "#3"},
				"down": {"uv": [4.25, 5.5, 4, 9], "texture": "#3"}
			}
		},
		{
			"from": [9, 16.5, 3.3],
			"to": [9, 17.4, 3.8],
			"rotation": {"angle": 0, "axis": "y", "origin": [9, 16.6, 3.25]},
			"faces": {
				"north": {"uv": [0, 0, 0, 0.5], "texture": "#3"},
				"east": {"uv": [0.5, 7, 0.75, 7.5], "texture": "#3"},
				"south": {"uv": [0, 0, 0, 0.5], "texture": "#3"},
				"west": {"uv": [1, 7, 1.25, 7.5], "texture": "#3"},
				"up": {"uv": [0, 0.25, 0, 0], "texture": "#3"},
				"down": {"uv": [0, 0, 0, 0.5], "texture": "#3"}
			}
		},
		{
			"from": [9, 14.7, 5.1],
			"to": [9, 15.4, 5.65],
			"rotation": {"angle": 0, "axis": "y", "origin": [9, 14.6, 5.1]},
			"faces": {
				"north": {"uv": [0, 0, 0, 0.5], "texture": "#3"},
				"east": {"uv": [0.5, 7, 0.75, 7.5], "texture": "#3"},
				"south": {"uv": [0, 0, 0, 0.5], "texture": "#3"},
				"west": {"uv": [1, 7, 1.25, 7.5], "texture": "#3"},
				"up": {"uv": [0, 0.25, 0, 0], "texture": "#3"},
				"down": {"uv": [0, 0, 0, 0.5], "texture": "#3"}
			}
		},
		{
			"from": [9, 15.5, 3.5],
			"to": [9, 16.5, 4.25],
			"rotation": {"angle": 0, "axis": "y", "origin": [9, 15.5, 3.5]},
			"faces": {
				"north": {"uv": [0, 0, 0, 0.5], "texture": "#3"},
				"east": {"uv": [0.5, 7, 0.75, 7.5], "texture": "#3"},
				"south": {"uv": [0, 0, 0, 0.5], "texture": "#3"},
				"west": {"uv": [1, 7, 1.25, 7.5], "texture": "#3"},
				"up": {"uv": [0, 0.25, 0, 0], "texture": "#3"},
				"down": {"uv": [0, 0, 0, 0.5], "texture": "#3"}
			}
		},
		{
			"from": [9, 16.5, 9.5],
			"to": [9, 17.5, 10.25],
			"rotation": {"angle": 0, "axis": "y", "origin": [9, 16.5, 9.5]},
			"faces": {
				"north": {"uv": [0, 0, 0, 0.5], "texture": "#3"},
				"east": {"uv": [6.5, 3.5, 7, 4], "texture": "#3"},
				"south": {"uv": [0, 0, 0, 0.5], "texture": "#3"},
				"west": {"uv": [6.5, 5, 7, 5.5], "texture": "#3"},
				"up": {"uv": [0, 0.25, 0, 0], "texture": "#3"},
				"down": {"uv": [0, 0, 0, 0.5], "texture": "#3"}
			}
		},
		{
			"from": [8.5, 15.75, 10.75],
			"to": [9.5, 17, 11],
			"rotation": {"angle": 0, "axis": "y", "origin": [9, 16, 9]},
			"faces": {
				"north": {"uv": [6.5, 0, 7, 0.75], "texture": "#3"},
				"east": {"uv": [0, 7, 0.25, 7.75], "texture": "#3"},
				"south": {"uv": [6.5, 1, 7, 1.75], "texture": "#3"},
				"west": {"uv": [7, 0, 7.25, 0.75], "texture": "#3"},
				"up": {"uv": [7.5, 1.25, 7, 1], "texture": "#3"},
				"down": {"uv": [2, 7, 1.5, 7.25], "texture": "#3"}
			}
		},
		{
			"from": [10.15, 15.25, 7.75],
			"to": [10.15, 17, 8.5],
			"rotation": {"angle": 0, "axis": "y", "origin": [8.1, 15.25, 6.5]},
			"faces": {
				"north": {"uv": [0, 0, 0, 1], "texture": "#3"},
				"east": {"uv": [5.5, 6, 6, 7], "texture": "#3"},
				"south": {"uv": [0, 0, 0, 1], "texture": "#3"},
				"west": {"uv": [6, 6, 6.5, 7], "texture": "#3"},
				"up": {"uv": [0, 0.5, 0, 0], "texture": "#3"},
				"down": {"uv": [0, 0, 0, 0.5], "texture": "#3"}
			}
		},
		{
			"from": [7.89, 15.25, 7.75],
			"to": [7.89, 17, 8.5],
			"rotation": {"angle": 0, "axis": "y", "origin": [5.9, 15.25, 6.5]},
			"faces": {
				"north": {"uv": [0, 0, 0, 1], "texture": "#3"},
				"east": {"uv": [5.5, 6, 6, 7], "texture": "#3"},
				"south": {"uv": [0, 0, 0, 1], "texture": "#3"},
				"west": {"uv": [6, 6, 6.5, 7], "texture": "#3"},
				"up": {"uv": [0, 0.5, 0, 0], "texture": "#3"},
				"down": {"uv": [0, 0, 0, 0.5], "texture": "#3"}
			}
		}
	],
	"display": {
		"thirdperson_righthand": {
			"rotation": [0, 180, 0],
			"translation": [1.25, -7, -3.5]
		},
		"thirdperson_lefthand": {
			"rotation": [0, 180, 0],
			"translation": [-1, -7, -3.25]
		},
		"firstperson_righthand": {
			"rotation": [11, 180, -15],
			"translation": [-1, 0, 0]
		},
		"firstperson_lefthand": {
			"rotation": [11, 180, -15],
			"translation": [-2.5, -0.5, 0]
		},
		"ground": {
			"translation": [0, -7.5, 0]
		},
		"gui": {
			"rotation": [-92.9, 46.39, 92.09],
			"translation": [9.5, -5.25, 0],
			"scale": [0.1,1.5,1.5]
		},
		"fixed": {
			"rotation": [-90, 54.75, 90],
			"translation": [6.75, -2.75, 1.5]
		}
	},
	"groups": [
		{
			"name": "gun",
			"origin": [8, 9, 4],
			"color": 0,
			"children": [0, 1, 2, 3, 4, 5, 6, 7, 8, 9, 10, 11, 12]
		}
	]
}