{
	"textures": {
		"1": "animated_java:item/plushie_totem/texture"
	},
	"display": {
		"head": {
			"rotation": [0, 180, 0]
		}
	},
	"elements": [
		{
			"from": [8, 3.5, 8],
			"to": [8, 12.5, 16],
			"rotation": {
				"angle": 0,
				"axis": "y",
				"origin": [9, 6.5, 9]
			},
			"faces": {
				"north": {
					"uv": [0, 0, 0, 9],
					"texture": "#1"
				},
				"east": {
					"uv": [8, 0, 0, 9],
					"texture": "#1"
				},
				"south": {
					"uv": [0, 0, 0, 9],
					"texture": "#1"
				},
				"west": {
					"uv": [0, 0, 8, 9],
					"texture": "#1"
				},
				"up": {
					"uv": [0, 8, 0, 0],
					"texture": "#1"
				},
				"down": {
					"uv": [0, 0, 0, 8],
					"texture": "#1"
				}
			}
		}
	]
}