{
    "type": "origins:multiple",
    "no_toughness": {
        "type": "origins:attribute",
        "modifier": {
            "id": "kitsune_no_toughness",
            "attribute": "minecraft:generic.armor_toughness",
            "operation": "add_multiplied_total",
            "amount": -1
        }
    },
    "hurt": {
        "type": "origins:action_when_damage_taken",
        "entity_action": {
            "type": "origins:damage",
            "amount": 1,
            "damage_type": "kitsune:brittle"
        },
        "damage_condition": { 
            "type": "origins:type",
            "damage_type": "kitsune:brittle",
            "inverted": true
        },
        "cooldown": 10
    },
    "name": "Kitsune's Curse",
    "description": "A malefic curse took hold of your body a long time ago.",
    "badges": [
        {
            "type": "origins:tooltip",
            "sprite": "minecraft:textures/mob_effect/unluck.png",
            "text": "§c§lVulnerable §r§c🎀§r\n§7You §ccannot§7 gain armor toughness.\nAdditionally, taking §lany§r§7 damage adds +1 §etrue§7 damage additionally.\n\n§7§lPassive Ability"
        }
    ]
}