{
	"type": "origins:multiple",
  
	"tool_effective": {
        "type": "origins:modify_break_speed",
        "modifier": {
            "operation": "multiply_total_multiplicative",
            "amount": 0.2
        },
        "condition": {
            "type": "origins:using_effective_tool"
        }
    },

    "true_damage_cooldown": {

    },

    "cooldown": {
		"type": "origins:resource",
		"min": 0,
		"max": 3,
		"hud_render": {
			"should_render": true,
            "condition": {
			    "type": "origins:resource",
			    "resource": "necron:atomizing_swings_cooldown",
			    "comparison": ">",
			    "compare_to": 0
		    }
		}
	},

	"cooldown_increase": {
		"type": "origins:action_over_time",
		"entity_action": {
			"type": "origins:change_resource",
    		"resource": "necron:atomizing_swings_cooldown",
    		"change": -1
		},
		"interval": 10,
		"condition": {
			"type": "origins:resource",
			"resource": "necron:atomizing_swings_cooldown",
			"comparison": ">",
			"compare_to": 0
		}
	},

	"name": "Atomizing Swings",
    "description": "The necron's tools cut through the triarch's enemies and blocks like butter.",
    "badges": [
      	{
        	"type": "origins:tooltip",
        	"sprite": "origins:textures/gui/badge/info.png",
        	"text": "You have immunity to all effects except Instant Harming and Bad, Raid, and Trial Omens. You cannot eat chorus fruit or use enderpearls."
      	}
    ]
}