{
    "type": "origins:multiple",
    "potion_immunity": {
        "type": "origins:effect_immunity",
        "effects": [
            "minecraft:instant_damage",
            "minecraft:bad_omen",
            "minecraft:raid_omen",
            "minecraft:trial_omen"
        ],
        "inverted": true
    },
    "no_teleports": {
        "type": "origins:prevent_item_use",
        "item_condition": {
            "type": "origins:or",
            "conditions": [
                {
                    "type": "origins:ingredient",
                    "ingredient": {
                        "item": "minecraft:ender_pearl"
                    }
                },
                {
                    "type": "origins:ingredient",
                    "ingredient": {
                        "item": "minecraft:chorus_fruit"
                    }
                }
            ]
        },
        "name": "§4✖"
    },
    "tag": {
        "type": "origins:action_on_callback",
        "entity_action_gained": {
            "type": "origins:execute_command",
            "command": "tag @s add necron"
        },
        "entity_action_lost": {
            "type": "origins:execute_command",
            "command": "tag @s remove necron"
        },
        "execute_chosen_when_orb": true
    },
    "name": "Soulless Metal",
    "description": "The necron’s necrodermis frame lacks a soul, leaving it vulnerable to the arcane and unable to teleport.",
    "badges": [
        {
            "type": "origins:tooltip",
            "sprite": "origins:textures/gui/badge/info.png",
            "text": "You have immunity to all effects except Instant Harming and Bad, Raid, and Trial Omens. You cannot eat chorus fruit or use enderpearls."
        }
    ]
}