{
    "parent": "minecraft:item/generated",
    "textures": {
        "layer0": "minecraft:item/snowball"
    },
    "overrides": [
        {
            "predicate": {
                "custom_model_data": 1
            },
            "model": "hypno:item/clown/comedy_mask"
        },
        {
            "predicate": {
                "custom_model_data": 2
            },
            "model": "hypno:item/clown/tragedy_mask"
        },
        {
            "predicate": {
                "custom_model_data": 3
            },
            "model": "hypno:item/clown/icon"
        }
    ]
}