{
    "type": "origins:multiple",
    "trusted": {
        "type": "origins:entity_set"
    },
    "pet_fox": {
        "type": "origins:action_on_entity_use",
        "bientity_action": {
            "type": "origins:and",
            "actions": [
                {
                    "type": "origins:add_to_entity_set",
                    "set": "kitsune:berries_trusted"
                },
                {
                    "type": "origins:actor_action",
                    "action": {
                        "type": "origins:execute_command",
                        "command": "tag @s add trusted"
                    }
                },
                {
                    "type": "origins:target_action",
                    "action": {
                        "type": "origins:and",
                        "actions": [
                            {
                                "type": "origins:execute_command",
                                "command": "function kitsune:tame_fox"
                            },
                            {
                                "type": "origins:execute_command",
                                "command": "particle heart ~ ~0.5 ~ 0.3 0.3 0.3 0.01 2"
                            }
                        ]
                    }
                },
                {
                    "type": "origins:actor_action",
                    "action": {
                        "type": "origins:execute_command",
                        "command": "tag @s remove trusted"
                    }
                }
            ]
        },
        "bientity_condition": {
            "type": "origins:in_entity_set",
            "set": "kitsune:berries_trusted",
            "inverted": true
        },
        "item_condition": {
            "type": "origins:ingredient",
            "ingredient": {
                "item": "minecraft:sweet_berries"
            }
        },
        "hands": [
            "main_hand"
        ]
    },
    "sweet_berries": {
        "type": "origins:action_on_item_use",
        "entity_action": {
            "type": "origins:apply_effect",
            "effect": {
                "id": "minecraft:absorption",
                "duration": 140,
                "amplifier": 0
            }
        },
        "item_condition": {
            "type": "origins:ingredient",
            "ingredient": {
                "item": "minecraft:sweet_berries"
            }
        }
    },
    "berries": {
        "type": "origins:modify_food",
        "item_condition": {
            "type": "origins:ingredient",
            "ingredient": {
                "item": "minecraft:sweet_berries"
            }
        },
        "eat_ticks_modifier": {
            "operation": "multiply_base_multiplicative",
            "amount": -0.25
        },
        "food_modifier": {
            "operation": "multiply_base_multiplicative",
            "amount": 1
        },
        "saturation_modifier": {
            "operation": "multiply_base_multiplicative",
            "amount": 1
        }
    },
    "berry_immune": {
        "type": "origins:phasing",
        "block_condition": {
            "type": "origins:block",
            "block": "minecraft:sweet_berry_bush"
        }
    },
    "laced_duration": {
        "type": "origins:resource",
        "min": 0,
        "max": 200,
        "start_value": 0
    },
    "laced_tick": {
        "type": "origins:action_over_time",
        "entity_action": {
            "type": "origins:change_resource",
            "resource": "kitsune:berries_laced_duration",
            "change": -1
        },
        "interval": 1,
        "condition": {
            "type": "origins:resource",
            "resource": "kitsune:berries_laced_duration",
            "comparison": ">",
            "compare_to": 0
        }
    },
    "craft_laced": {
        "type": "origins:modify_crafting",
        "recipe": "kitsune:laced_berry",
        "result": {
            "id": "minecraft:sweet_berries",
            "components": {
                "minecraft:custom_name": "[{\"text\":\"Laced Berries\",\"italic\":false}]",
                "minecraft:max_stack_size": 16,
                "minecraft:food": {
                    "nutrition": 2,
                    "saturation": 0.4,
                    "can_always_eat": true
                },
                "minecraft:rarity": "uncommon",
                "minecraft:custom_model_data": 1,
                "minecraft:custom_data": {
                    "Laced": true
                }
            }
        }
    },
    "eat_laced": {
        "type": "origins:modify_food",
        "item_action": {
            "type": "origins:modify_item_cooldown",
            "modifier": {
                "operation": "set_total",
                "amount": 60
            }
        },
        "item_condition": {
            "type": "origins:custom_data",
            "nbt": "{Laced: 1b}"
        },
        "entity_action": {
            "type": "origins:change_resource",
            "resource": "kitsune:berries_laced_duration",
            "change": 200,
            "operation": "set"
        }
    },
    "laced_speed": {
        "type": "origins:conditioned_attribute",
        "modifier": {
            "id": "kitsune_laced_speed",
            "attribute": "minecraft:generic.movement_speed",
            "operation": "add_value",
            "amount": 0.015
        },
        "tick_rate": 1,
        "condition": {
            "type": "origins:resource",
            "resource": "kitsune:berries_laced_duration",
            "comparison": ">",
            "compare_to": 0
        }
    },
    "craft_very": {
        "type": "origins:modify_crafting",
        "recipe": "kitsune:very_berry",
        "result": {
            "id": "minecraft:sweet_berries",
            "components": {
                "minecraft:custom_name": "[{\"text\":\"Very Berry Berries\",\"italic\":false}]",
                "minecraft:max_stack_size": 16,
                "minecraft:food": {
                    "nutrition": 4,
                    "saturation": 1.6,
                    "can_always_eat": true
                },
                "minecraft:rarity": "rare",
                "minecraft:custom_model_data": 2,
                "minecraft:custom_data": {
                    "Very": true
                }
            }
        }
    },
    "eat_very": {
        "type": "origins:modify_food",
        "item_action": {
            "type": "origins:modify_item_cooldown",
            "modifier": {
                "operation": "set_total",
                "amount": 60
            }
        },
        "item_condition": {
            "type": "origins:custom_data",
            "nbt": "{Very: 1b}"
        }
    },
    "spectral_duration": {
        "type": "origins:resource",
        "min": 0,
        "max": 200,
        "start_value": 0
    },
    "spectral_tick": {
        "type": "origins:action_over_time",
        "entity_action": {
            "type": "origins:change_resource",
            "resource": "kitsune:berries_spectral_duration",
            "change": -1
        },
        "interval": 1,
        "condition": {
            "type": "origins:resource",
            "resource": "kitsune:berries_spectral_duration",
            "comparison": ">",
            "compare_to": 0
        }
    },
    "craft_spectral": {
        "type": "origins:modify_crafting",
        "recipe": "kitsune:spectral_berry",
        "result": {
            "id": "minecraft:sweet_berries",
            "components": {
                "minecraft:custom_name": "[{\"text\":\"Spectral Berries\",\"italic\":false}]",
                "minecraft:max_stack_size": 16,
                "minecraft:food": {
                    "nutrition": 2,
                    "saturation": 0.4,
                    "can_always_eat": true
                },
                "minecraft:rarity": "uncommon",
                "minecraft:custom_model_data": 3,
                "minecraft:custom_data": {
                    "Spectral": true
                }
            }
        }
    },
    "eat_spectral": {
        "type": "origins:modify_food",
        "item_action": {
            "type": "origins:modify_item_cooldown",
            "modifier": {
                "operation": "set_total",
                "amount": 60
            }
        },
        "item_condition": {
            "type": "origins:custom_data",
            "nbt": "{Spectral: 1b}"
        },
        "entity_action": {
            "type": "origins:and",
            "actions": [
                {
                    "type": "origins:change_resource",
                    "resource": "kitsune:berries_spectral_duration",
                    "change": 200,
                    "operation": "set"
                },
                {
                    "type": "origins:apply_effect",
                    "effect": {
                        "id": "minecraft:slow_falling",
                        "duration": 200,
                        "amplifier": 0
                    }
                }
            ]
        }
    },
    "spectral_air": {
        "type": "origins:attribute_modify_transfer",
        "class": "modify_air_speed",
        "attribute": "minecraft:generic.movement_speed",
        "multiplier": 1,
        "condition": {
            "type": "origins:resource",
            "resource": "kitsune:berries_spectral_duration",
            "comparison": ">",
            "compare_to": 0
        }
    },
    "name": "BERRY, VERY BERRY :333",
    "description": "Frail flesh implies weaker constitution.",
    "badges": [
        {
            "type": "origins:tooltip",
            "sprite": "minecraft:textures/mob_effect/speed.png",
            "text": "§b§lPacing Paws §r§c🌫§r\n§7You have §c-2 ❤§r§7 permanently.\n\n§7§lPassive Ability"
        }
    ]
}