{
    "type": "origins:multiple",
    "health": {
        "type": "origins:attribute",
        "modifier": {
            "id": "kitsune_no_toughness",
            "attribute": "minecraft:generic.max_health",
            "operation": "add_value",
            "amount": -8
        }
    },
    "hurt": {
        "type": "origins:disable_regen",
        "condition": {
            "type": "origins:sprinting",
            "inverted": true
        }
    },
    "name": "Unstable Heartrate",
    "description": "Frail flesh implies weaker constitution.",
    "badges": [
        {
            "type": "origins:tooltip",
            "sprite": "minecraft:textures/mob_effect/speed.png",
            "text": "§b§lPacing Paws §r§c🌫§r\n§7You have §c-2 ❤§r§7 permanently.\n\n§7§lPassive Ability"
        }
    ]
}