{
    "type": "minecraft:fishing",
    "pools": [
      {
        "rolls": 2,
        "bonus_rolls": 0,
        "entries": [
          {
            "type": "minecraft:loot_table",
            "value": "minecraft:gameplay/fishing/junk",
            "weight": 10,
            "quality": -2
          },
          {
            "type": "minecraft:loot_table",
            "value": "minecraft:gameplay/fishing/treasure",
            "weight": 5,
            "quality": 2,
            "conditions": [
              {
                "condition": "minecraft:entity_properties",
                "entity": "this",
                "predicate": {
                  "type_specific": {
                    "type": "minecraft:fishing_hook",
                    "in_open_water": true
                  }
                }
              }
            ]
          },
          {
            "type": "minecraft:loot_table",
            "value": "minecraft:gameplay/fishing/fish",
            "weight": 85,
            "quality": -1
          }
        ]
      }
    ],
    "random_sequence": "minecraft:gameplay/fishing"
  }
  