{
    "type": "origins:multiple",
    
    "wing_pouch": {
        "type": "origins:inventory",
        "title": "Wing Pouch",
        "drop_on_death": true,
        "key": {
            "key": "key.origins.secondary_active"
        }
    },
    "name": "Cornu Marsupium",
    "description": "Behold the crow, black as midnight, with eyes sharp as a miser’s gaze. Beneath its sable wing lies a secret pouch, nature’s purse, where it hoards stolen trinkets and gleaming baubles. By day, it flies unnoticed, but within that shadowed wing, it hides its ill-gotten treasures, a sly thief of the skies.",
    "badges": [
        {
            "type": "origins:tooltip",
            "sprite": "minecraft:textures/mob_effect/weaving.png",
            "text": "§5§lWing Pouch 💰§r§7\nYou have a 3x3 Pouch under your wing, this can be opened using %S and does drop on death.\n\n§7§lActive Ability"
        }
    ]
}