{
    "type": "origins:multiple",
    "passive_elytra": {
        "type": "origins:elytra_flight",
        "render_elytra": true,
        "texture_location": "hypno:textures/item/crow/crow_elytra.png"
    },
    "flap_resource": {
        "type": "origins:resource",
        "min": 0,
        "max": 10,
        "hud_render": {
            "should_render": true,
            "sprite_location": "origins:textures/gui/community/spiderkolo/resource_bar_03.png",
            "bar_index": 16
        }
    },
    "flap_resource_recharge": {
        "type": "origins:action_over_time",
        "entity_action": {
            "type": "origins:change_resource",
            "resource": "murder:ornis_flap_resource",
            "change": 1
        },
        "interval": 70,
        "condition": {
            "type": "origins:and",
            "conditions": [
                {
                    "type": "origins:resource",
                    "resource": "murder:ornis_flap_resource",
                    "comparison": "<",
                    "compare_to": 10
                },
                {
                    "type": "origins:fluid_height",
                    "fluid": "minecraft:water",
                    "comparison": "==",
                    "compare_to": 0
                }
            ]
        }
    },
    "flap_active": {
        "type": "origins:active_self",
        "entity_action": {
            "type": "origins:and",
            "actions": [
                {
                    "type": "origins:execute_command",
                    "command": "particle minecraft:white_ash ~ ~ ~ 0.5 0 0.5 0.2 20 normal",
                    "permission_level": 4
                },
                {
                    "type": "origins:execute_command",
                    "command": "playsound minecraft:entity.parrot.fly master @a ~ ~ ~ 0.6 1",
                    "permission_level": 4
                },
                {
                    "type": "origins:set_fall_distance",
                    "fall_distance": 0
                },
                {
                    "type": "origins:if_else",
                    "condition": {
                        "type": "origins:fall_flying"
                    },
                    "if_action": {
                        "type": "origins:add_velocity",
                        "z": 0.6,
                        "y": 0.2,
                        "space": "local"
                    },
                    "else_action": {
                        "type": "origins:add_velocity",
                        "y": 0.6,
                        "z": 0.2,
                        "space": "local_horizontal_normalized",
                        "set": true
                    }
                },
                {
                    "type": "origins:exhaust",
                    "amount": 0.6
                },
                {
                    "type": "origins:change_resource",
                    "resource": "murder:ornis_flap_resource",
                    "change": -1
                }
            ]
        },
        "condition": {
            "type": "origins:resource",
            "resource": "murder:ornis_flap_resource",
            "comparison": ">=",
            "compare_to": 1
        },
        "key": {
            "key": "key.origins.primary_active",
            "continuous": true
        },
        "cooldown": 5,
        "hud_render": {
            "should_render": false
        }
    },
    "less_kenetic": {
        "type": "origins:modify_damage_taken",
        "modifier": {
            "name": "less kinetic damage taken",
            "amount": -0.8,
            "operation": "multiply_base_multiplicative"
        },
        "damage_condition": {
            "type": "origins:in_tag",
            "tag": "origins:kinetic"
        }
    },
    "no_fireworks": {
        "type": "origins:prevent_item_use",
        "item_condition": {
            "type": "origins:ingredient",
            "ingredient": {
                "item": "minecraft:firework_rocket"
            }
        }
    },
    "name": "Ornis",
    "description": "As though kissed by the breath of the heavens, dost thou soar above earthly bounds; swift-footed in flight, bearing the hopes of mortals and dreams upon thy feathered frame.",
    "badges": [
        {
            "type": "origins:tooltip",
            "sprite": "minecraft:textures/mob_effect/wind_charged.png",
            "text": "§b§lWinged ʚɞ§r§7\nYou passively have a §r§eElytra§r§7, 80% less kinetic damage and the §r§eFlap§r§7 active ability.\nBut you cannot use fireworks.\n\n§7§lPassive Ability\n\n§e§lFlap ʚɞ§r§7\nPressing §r%s§7 will grant the user a small boost, pushing them a small distance forward.\n - 10 charges can be held at any given time, each with a 3 second cooldown. \n\n§7§lActive Ability"
        }
    ]
}