{
    "1": {
        "condition": {
            "type": "origins:resource",
            "resource": "cleavemaster:vfx/white_res",
            "comparison": "==",
            "compare_to": 1
        },
        "type": "origins:model_color",
        "red": 0.56,
        "green": 0.5,
        "blue": 0.5,
        "alpha": 1
    },
    "2": {
        "condition": {
            "type": "origins:resource",
            "resource": "cleavemaster:vfx/white_res",
            "comparison": "==",
            "compare_to": 2
        },
        "type": "origins:model_color",
        "red": 0.625,
        "green": 0.5,
        "blue": 0.5,
        "alpha": 1
    },
    "3": {
        "condition": {
            "type": "origins:resource",
            "resource": "cleavemaster:vfx/white_res",
            "comparison": "==",
            "compare_to": 3
        },
        "type": "origins:model_color",
        "red": 0.6875,
        "green": 0.5,
        "blue": 0.5,
        "alpha": 1
    },
    "4": {
        "condition": {
            "type": "origins:resource",
            "resource": "cleavemaster:vfx/white_res",
            "comparison": "==",
            "compare_to": 4
        },
        "type": "origins:model_color",
        "red": 0.75,
        "green": 0.5,
        "blue": 0.5,
        "alpha": 1
    },
    "5": {
        "condition": {
            "type": "origins:resource",
            "resource": "cleavemaster:vfx/white_res",
            "comparison": "==",
            "compare_to": 5
        },
        "type": "origins:model_color",
        "red": 0.8125,
        "green": 0.5,
        "blue": 0.5,
        "alpha": 1
    },
    "6": {
        "condition": {
            "type": "origins:resource",
            "resource": "cleavemaster:vfx/white_res",
            "comparison": "==",
            "compare_to": 6
        },
        "type": "origins:model_color",
        "red": 0.875,
        "green": 0.5,
        "blue": 0.5,
        "alpha": 1
    },
    "7": {
        "condition": {
            "type": "origins:resource",
            "resource": "cleavemaster:vfx/white_res",
            "comparison": "==",
            "compare_to": 7
        },
        "type": "origins:model_color",
        "red": 0.9375,
        "green": 0.5,
        "blue": 0.5,
        "alpha": 1
    },
    "8": {
        "condition": {
            "type": "origins:resource",
            "resource": "cleavemaster:vfx/white_res",
            "comparison": "==",
            "compare_to": 8
        },
        "type": "origins:model_color",
        "red": 1,
        "green": 0.5,
        "blue": 0.5,
        "alpha": 1
    },
    "type": "origins:multiple",
    "res": {
        "type": "origins:resource",
        "min": 0,
        "max": 8,
        "start_value": 0,
        "hud_render": {
            "should_render": true
        }
    },
    "glow": {
        "condition": {
            "type": "origins:resource",
            "resource": "cleavemaster:vfx/white_res",
            "comparison": "!=",
            "compare_to": 0
        },
        "type": "origins:self_glow",
        "use_teams": false,
        "red": 1,
        "green": 0,
        "blue": 0
    },
    "godown": {
        "type": "origins:action_over_time",
        "interval": 2,
        "entity_action": {
            "type": "origins:change_resource",
            "resource": "cleavemaster:vfx/white_res",
            "change": -1,
            "operation": "add"
        }
    }
}