[
    {
        "function": "apoli:remove_power",
        "power": "angler:tiers/fishing_rod_tier2",
        "slot": "any"
    },
    {
        "function": "apoli:add_power",
        "power": "angler:tiers/fishing_rod_tier3",
        "slot": "any",
        "negative": false,
        "hidden": true
    },
    {
        "function": "minecraft:set_lore",
        "entity": "this",
        "lore": [
            {
                "text": "(TIER III)",
                "color": "dark_aqua",
                "italic": false
            }
        ],
        "mode": "replace_all"
    },
    {
        "function": "minecraft:set_enchantments",
        "enchantments": {
          "minecraft:lure": 3,
          "minecraft:luck_of_the_sea": 2
        },
        "add": false
    },
    {
        "function": "minecraft:toggle_tooltips",
        "toggles": {
            "minecraft:attribute_modifiers": false
        }
    }
]