{
    "type": "origins:multiple",
    "windup": {
        "type": "origins:resource",
        "min": 0,
        "max": 60,
        "start_value": 0,
        "hud_render": {
            "should_render": false
        },
        "min_action": {
            "type": "origins:if_else",
            "condition": {
                "type": "origins:resource",
                "resource": "voidsent:dimension/gate_interrupt",
                "comparison": "==",
                "compare_to": 0
            },
            "if_action": {
                "type": "origins:and",
                "actions": [
                    {
                        "type": "origins:execute_command",
                        "command": "effect clear @s minecraft:darkness"
                    },
                    {
                        "type": "origins:spawn_entity",
                        "entity_type": "minecraft:armor_stand",
                        "tag": "{Silent:1b,Invulnerable:1b,Marker:1b,Invisible:1b,Tags:[\"voidsent_portal\"]}",
                        "entity_action": {
                            "type": "origins:and",
                            "actions": [
                                {
                                    "type": "origins:execute_command",
                                    "command": "power grant @s voidsent:dimension/portal"
                                },
                                {
                                    "type": "origins:execute_command",
                                    "command": "function voidsent:abilities/spawn_portal"
                                }
                            ]
                        }
                    }
                ]
            }
        }
    },
    "windup_up": {
        "type": "origins:action_over_time",
        "entity_action": {
            "type": "origins:change_resource",
            "resource": "voidsent:dimension/gate_windup",
            "change": -1
        },
        "interval": 1,
        "condition": {
            "type": "origins:resource",
            "resource": "voidsent:dimension/gate_windup",
            "comparison": ">",
            "compare_to": 0
        }
    },
    "enter": {
        "type": "origins:active_self",
        "entity_action": {
            "type": "origins:and",
            "actions": [
                {
                    "type": "origins:change_resource",
                    "resource": "voidsent:dimension/gate_windup",
                    "change": 60,
                    "operation": "set"
                },
                {
                    "type": "origins:execute_command",
                    "command": "effect give @s minecraft:darkness 6 0 false"
                }
            ]
        },
        "cooldown": 3600,
        "key": "key.origins.secondary_active",
        "hud_render": {
            "should_render": true,
            "bar_index": 24,
            "sprite_location": "origins:textures/gui/community/spiderkolo/resource_bar_01.png"
        },
        "condition": {
            "type": "origins:dimension",
            "dimension": "voidsent:void",
            "inverted": true
        }
    },
    "interrupt": {
        "type": "origins:resource",
        "min": 0,
        "max": 20,
        "start_value": 0,
        "hud_render": {
            "should_render": false
        }
    },
    "blinking": {
        "type": "origins:action_over_time",
        "entity_action": {
            "type": "origins:execute_command",
            "command": "function voidsent:abilities/opening_gate"
        },
        "interval": 15,
        "condition": {
            "type": "origins:resource",
            "resource": "voidsent:dimension/gate_windup",
            "comparison": ">",
            "compare_to": 0
        }
    },
    "interrupt_ticking": {
        "type": "origins:action_over_time",
        "entity_action": {
            "type": "origins:change_resource",
            "resource": "voidsent:dimension/gate_interrupt",
            "change": -1
        },
        "interval": 1,
        "condition": {
            "type": "origins:resource",
            "resource": "voidsent:dimension/gate_interrupt",
            "comparison": ">",
            "compare_to": 0
        }
    },
    "damaged": {
        "type": "origins:action_when_damage_taken",
        "entity_action": {
            "type": "origins:and",
            "actions": [
                {
                    "type": "origins:change_resource",
                    "resource": "voidsent:dimension/gate_interrupt",
                    "change": 20,
                    "operation": "set"
                },
                {
                    "type": "origins:change_resource",
                    "resource": "voidsent:dimension/gate_windup",
                    "change": 0,
                    "operation": "set"
                }
            ]
        },
        "cooldown": 1
    },
    "name": "Void's Opening",
    "description": "Tearing a hole into the Void is challening but possible.",
    "badges": [
        {
            "type": "origins:tooltip",
            "sprite": "origins:textures/gui/community/silent/badge/shapes/triangle_up.png",
            "text": "§8§lVoid's Opening §r§8💥§r\nYou can open a temporary portal to the Void itself at your location.\n\nThis dimension has lower gravity and starts off with an invisible platform.\nThe realm is infinite and falling in the Void will teleport you back to the center point.\nTo leave, simply head towards the \"EXIT\".\n\n§7§lActive Ability"
        },
        {
            "type": "origins:tooltip",
            "sprite": "origins:textures/gui/badge/toggle.png",
            "text": [
                "§7Press §r[",
                {
                    "keybind": "key.origins.secondary_active"
                },
                "]§7 to start opening a gate to the Void."
            ]
        }
    ]
}