{
    "condition": "minecraft:any_of",
    "terms": [
        {
            "condition": "minecraft:entity_properties",
            "entity": "this",
            "predicate": {
                "equipment": {
                    "offhand": {
                        "components": {
                            "minecraft:custom_data": "{Eternity_Gate:1b}"
                        }
                    }
                }
            }
        },
        {
            "condition": "minecraft:entity_properties",
            "entity": "this",
            "predicate": {
                "equipment": {
                    "mainhand": {
                        "components": {
                            "minecraft:custom_data": "{Eternity_Gate:1b}"
                        }
                    }
                }
            }
        }
    ]
}