{
	"type": "origins:multiple",
	"tool_effective": {
		"type": "origins:modify_break_speed",
		"modifier": {
			"operation": "multiply_total_multiplicative",
			"amount": 0.2
		},
		"condition": {
			"type": "origins:using_effective_tool"
		}
	},
	"magic_hit": {
		"type": "origins:action_on_hit",
		"bientity_action": {
			"type": "origins:and",
			"actions": [
				{
					"type": "origins:actor_action",
					"action": {
						"type": "origins:change_resource",
						"resource": "necron:atomizing_swings_cooldown",
						"change": 0,
						"operation": "set"
					}
				},
				{
					"type": "origins:damage",
					"damage_type": "necron:atomized",
					"modifier": {
						"operation": "multiply_total_multiplicative",
						"amount": -0.95
					}
				},
				{
					"type": "origins:target_action",
					"action": {
						"type": "origins:execute_command",
						"command": "function necron:atomizing/on_hit"
					}
				}
			]
		},
		"condition": {
			"type": "origins:resource",
			"resource": "necron:atomizing_swings_cooldown",
			"comparison": "==",
			"compare_to": 50
		}
	},
	"cooldown": {
		"type": "origins:resource",
		"min": 0,
		"max": 50,
		"hud_render": {
			"should_render": true,
			"bar_index": 17,
			"sprite_location": "origins:textures/gui/community/huang/resource_bar_01.png",
			"condition": {
				"type": "origins:resource",
				"resource": "necron:atomizing_swings_cooldown",
				"comparison": "<",
				"compare_to": 50
			}
		}
	},
	"cooldown_tick": {
		"type": "origins:action_over_time",
		"entity_action": {
			"type": "origins:change_resource",
			"resource": "necron:atomizing_swings_cooldown",
			"change": 1
		},
		"interval": 1,
		"condition": {
			"type": "origins:entity_in_radius",
			"shape": "sphere",
			"radius": 16,
			"comparison": "==",
			"compare_to": 0,
			"bientity_condition": {
				"type": "origins:in_entity_set",
				"set": "necron:domain/main_binded"
			}
		}
	},
	"cooldown_tick_increase": {
		"type": "origins:action_over_time",
		"entity_action": {
			"type": "origins:change_resource",
			"resource": "necron:atomizing_swings_cooldown",
			"change": 3
		},
		"interval": 1,
		"condition": {
			"type": "origins:entity_in_radius",
			"shape": "sphere",
			"radius": 16,
			"comparison": ">=",
			"compare_to": 1,
			"bientity_condition": {
				"type": "origins:in_entity_set",
				"set": "necron:domain/main_binded"
			}
		}
	},
	"name": "Atomizing Swings",
	"description": "The necron's tools cut through the triarch's enemies and blocks like butter.",
	"badges": [
		{
			"type": "origins:tooltip",
			"sprite": "origins:textures/gui/badge/info.png",
			"text": "You have immunity to all effects except Instant Harming and Bad, Raid, and Trial Omens. You cannot eat chorus fruit or use enderpearls."
		}
	]
}