{
	"type": "origins:multiple",
  
	"no_regen": {
		"type": "origins:disable_regen"
	},

	"damage_check": {
		"type": "origins:resource",
		"min": 0,
		"max": 20,
		"hud_render": {
			"should_render": false
		}
	},

	"damage_check_increase": {
		"type": "origins:action_over_time",
		"entity_action": {
			"type": "origins:change_resource",
    		"resource": "necron:necrodermis_frame_damage_check",
    		"change": 1
		},
		"interval": 20,
		"condition": {
			"type": "origins:resource",
			"resource": "necron:necrodermis_frame_damage_check",
			"comparison": "<",
			"compare_to": 20
		}
	},

	"damage_check_decrease": {
		"type": "origins:self_action_when_hit",
		"entity_action": {
			"type": "origins:change_resource",
    		"resource": "necron:necrodermis_frame_damage_check",
    		"change": -20
		}
	},

	"passive_healing": {
		"type": "origins:action_over_time",
    	"entity_action": {
			"type": "origins:and",
			"actions": [
				{
					"type": "origins:if_else",
					"condition": {
						"type": "origins:entity_in_radius",
						"shape": "sphere",
						"radius": 16,
						"comparison": ">=",
						"compare_to": 1,
						"bientity_condition": {
							"type": "origins:in_entity_set",
							"set": "necron:domain/main_binded"
						}
					},
					"if_action": {
						"type": "origins:and",
						"actions": [
							{
								"type": "origins:execute_command",
								"command": "playsound minecraft:entity.blaze.ambient player @s ~ ~ ~ 0.1 0.1"
							},
							{
								"type": "origins:execute_command",
								"command": "execute at @s anchored eyes run particle minecraft:reverse_portal ^ ^ ^-0.2 0.2 0.2 0.2 0.5 5 normal @a"
							},
							{    
								"type": "origins:heal",
								"amount": 2
							}
						]
					},
					"else_action":  {
						"type": "origins:and",
						"actions": [
							{
								"type": "origins:execute_command",
								"command": "playsound minecraft:entity.blaze.ambient player @s ~ ~ ~ 0.1 0.1"
							},
							{
								"type": "origins:execute_command",
								"command": "execute at @s anchored eyes run particle minecraft:reverse_portal ^ ^ ^-0.2 0.2 0.2 0.2 0.5 5 normal @a"
							},
							{    
								"type": "origins:heal",
								"amount": 1
							}
						]
					}
				}
			]
		},
    	"interval": 100,
    	"condition": {
			"type": "origins:and",
			"conditions": [
				{
					"type": "origins:relative_health",
					"comparison": "<",
					"compare_to": 1
				},
				{      
					"type": "origins:resource",
					"resource": "necron:necrodermis_frame_damage_check",
					"comparison": "<",
					"compare_to": 20
				}
			]
		}
	},

	"passive_healing_out_of_combat": {
		"type": "origins:action_over_time",
    	"entity_action": {
			"type": "origins:and",
			"actions": [
				{
					"type": "origins:execute_command",
    				"command": "execute at @s anchored eyes run particle minecraft:reverse_portal ^ ^ ^-0.2 0.2 0.2 0.2 0.5 5 normal @a"
				},
				{    
					"type": "origins:heal",
    				"amount": 1
				}
			]
		},
    	"interval": 20,
    	"condition": {
			"type": "origins:and",
			"conditions": [
				{
					"type": "origins:relative_health",
					"comparison": "<",
					"compare_to": 1
				},
				{      
					"type": "origins:resource",
					"resource": "necron:necrodermis_frame_damage_check",
					"comparison": "==",
					"compare_to": 20
				}
			]
		}
	},

	"name": "Necrodermis Frame",
    "description": "The living metal of a necron slowly repairs any damage.",
    "badges": [
      	{
        	"type": "origins:tooltip",
        	"sprite": "origins:textures/gui/badge/info.png",
        	"text": "Cannot regen but heals 1 hp every 5 seconds, after 20 seconds of not taking damage, heal 1 hp every second."
      	}
    ]
}