{
    "type": "origins:multiple",
    "invuln":{
        "type": "origins:invulnerability",
        "damage_condition": {
            "type": "origins:attacker",
            "inverted": true
        }
    },
    "disappear": {
        "type": "origins:modify_damage_taken",
        "damage_condition": {
            "type": "origins:attacker"
        },
        "self_action": {
            "type": "origins:and",
            "actions": [
                {
                    "type": "origins:execute_command",
                    "command": "function clown:pig_disappear"
                },
                {
                    "type": "origins:modify_death_ticks",
                    "modifier": {
                        "operation": "set_total",
                        "amount": 20
                    }
                }
            ]
        }
    },
    "flying": {
        "type": "origins:action_over_time",
        "rising_action": {
            "type": "origins:execute_command",
            "command": "data modify entity @s NoAI set value 1b"
        },
        "falling_action": {
            "type": "origins:execute_command",
            "command": "data modify entity @s NoAI set value 0b"
        },
        "interval": 1,
        "condition": {
            "type": "origins:passenger",
            "compare_to": 0,
            "comparison": ">"
        }
    },
    "hidden": true
}