{
	"credit": "Made with Blockbench",
	"parent": "gauntlet_gold",
	"textures": {
		"3": "hypno:item/kalogero/gauntlet_gold"
	},
	"elements": [
		{
			"name": "front",
			"from": [7.5, 4.5, 2],
			"to": [12.5, 9.5, 3],
			"rotation": {"angle": 0, "axis": "y", "origin": [10, 5, 1]},
			"faces": {
				"north": {"uv": [0, 0, 5, 5], "texture": "#3"},
				"east": {"uv": [5, 6, 6, 11], "texture": "#3"},
				"south": {"uv": [0, 0, 5, 5], "texture": "#3"},
				"west": {"uv": [5, 6, 6, 11], "texture": "#3"},
				"up": {"uv": [11, 7, 6, 6], "texture": "#3"},
				"down": {"uv": [5, 7, 0, 8], "texture": "#3"}
			}
		},
		{
			"name": "top",
			"from": [7.5, 9, 3],
			"to": [12.5, 9.5, 5],
			"rotation": {"angle": 0, "axis": "y", "origin": [9, -0.5, 3]},
			"faces": {
				"north": {"uv": [7, 2, 12, 3], "texture": "#3"},
				"east": {"uv": [10, 0, 12, 1], "texture": "#3"},
				"south": {"uv": [7, 2, 12, 3], "texture": "#3"},
				"west": {"uv": [10, 0, 12, 1], "texture": "#3"},
				"up": {"uv": [5, 7, 0, 5], "texture": "#3"},
				"down": {"uv": [10, 0, 5, 2], "texture": "#3"}
			}
		},
		{
			"name": "right",
			"from": [12.5, 5, 3],
			"to": [12.6, 9, 5],
			"rotation": {"angle": 0, "axis": "y", "origin": [12.5, 5, 3]},
			"faces": {
				"north": {"uv": [6, 9, 7, 13], "texture": "#3"},
				"east": {"uv": [5, 2, 7, 6], "texture": "#3"},
				"south": {"uv": [6, 9, 7, 13], "texture": "#3"},
				"west": {"uv": [5, 2, 7, 6], "texture": "#3"},
				"up": {"uv": [5, 12, 4, 10], "texture": "#3"},
				"down": {"uv": [11, 9, 10, 11], "texture": "#3"}
			}
		},
		{
			"name": "left",
			"from": [7.4, 5, 3],
			"to": [7.6, 9, 5],
			"rotation": {"angle": 0, "axis": "y", "origin": [7.5, 5, 3]},
			"faces": {
				"north": {"uv": [7, 9, 8, 13], "texture": "#3"},
				"east": {"uv": [5, 2, 7, 6], "texture": "#3"},
				"south": {"uv": [7, 9, 8, 13], "texture": "#3"},
				"west": {"uv": [5, 2, 7, 6], "texture": "#3"},
				"up": {"uv": [6, 13, 5, 11], "texture": "#3"},
				"down": {"uv": [12, 6, 11, 8], "texture": "#3"}
			}
		},
		{
			"name": "down",
			"from": [7.5, 4.5, 3],
			"to": [12.5, 5, 5],
			"rotation": {"angle": 0, "axis": "y", "origin": [9, -5, 3]},
			"faces": {
				"north": {"uv": [7, 2, 12, 3], "texture": "#3"},
				"east": {"uv": [10, 0, 12, 1], "texture": "#3"},
				"south": {"uv": [7, 2, 12, 3], "texture": "#3"},
				"west": {"uv": [10, 0, 12, 1], "texture": "#3"},
				"up": {"uv": [5, 7, 0, 5], "texture": "#3"},
				"down": {"uv": [10, 0, 5, 2], "texture": "#3"}
			}
		},
		{
			"name": "down",
			"from": [7.5, 4.5, 6],
			"to": [12.5, 5, 8],
			"rotation": {"angle": 0, "axis": "y", "origin": [9, -5, 6]},
			"faces": {
				"north": {"uv": [7, 2, 12, 3], "texture": "#3"},
				"east": {"uv": [10, 0, 12, 1], "texture": "#3"},
				"south": {"uv": [7, 2, 12, 3], "texture": "#3"},
				"west": {"uv": [10, 0, 12, 1], "texture": "#3"},
				"up": {"uv": [5, 7, 0, 5], "texture": "#3"},
				"down": {"uv": [10, 0, 5, 2], "texture": "#3"}
			}
		},
		{
			"name": "top",
			"from": [7.5, 9, 6],
			"to": [12.5, 9.5, 8],
			"rotation": {"angle": 0, "axis": "y", "origin": [9, -0.5, 6]},
			"faces": {
				"north": {"uv": [7, 2, 12, 3], "texture": "#3"},
				"east": {"uv": [10, 0, 12, 1], "texture": "#3"},
				"south": {"uv": [7, 2, 12, 3], "texture": "#3"},
				"west": {"uv": [10, 0, 12, 1], "texture": "#3"},
				"up": {"uv": [5, 7, 0, 5], "texture": "#3"},
				"down": {"uv": [10, 0, 5, 2], "texture": "#3"}
			}
		},
		{
			"name": "left",
			"from": [7.4, 5, 6],
			"to": [7.6, 9, 8],
			"rotation": {"angle": 0, "axis": "y", "origin": [7.5, 5, 6]},
			"faces": {
				"north": {"uv": [7, 9, 8, 13], "texture": "#3"},
				"east": {"uv": [5, 2, 7, 6], "texture": "#3"},
				"south": {"uv": [7, 9, 8, 13], "texture": "#3"},
				"west": {"uv": [5, 2, 7, 6], "texture": "#3"},
				"up": {"uv": [6, 13, 5, 11], "texture": "#3"},
				"down": {"uv": [12, 6, 11, 8], "texture": "#3"}
			}
		},
		{
			"name": "right",
			"from": [12.5, 5, 6],
			"to": [12.6, 9, 8],
			"rotation": {"angle": 0, "axis": "y", "origin": [12.5, 5, 6]},
			"faces": {
				"north": {"uv": [6, 9, 7, 13], "texture": "#3"},
				"east": {"uv": [5, 2, 7, 6], "texture": "#3"},
				"south": {"uv": [6, 9, 7, 13], "texture": "#3"},
				"west": {"uv": [5, 2, 7, 6], "texture": "#3"},
				"up": {"uv": [5, 12, 4, 10], "texture": "#3"},
				"down": {"uv": [11, 9, 10, 11], "texture": "#3"}
			}
		},
		{
			"name": "up",
			"from": [7.7, 9.05, 5],
			"to": [12.4, 9.2, 6],
			"rotation": {"angle": 0, "axis": "y", "origin": [9, 8.2, 5]},
			"faces": {
				"north": {"uv": [7, 3, 12, 4], "texture": "#3"},
				"east": {"uv": [10, 1, 11, 2], "texture": "#3"},
				"south": {"uv": [7, 4, 12, 5], "texture": "#3"},
				"west": {"uv": [11, 1, 12, 2], "texture": "#3"},
				"up": {"uv": [12, 6, 7, 5], "texture": "#3"},
				"down": {"uv": [11, 7, 6, 8], "texture": "#3"}
			}
		},
		{
			"name": "right",
			"from": [12.35, 5.1, 5],
			"to": [12.5, 9.1, 6],
			"rotation": {"angle": 0, "axis": "y", "origin": [11.5, 8.1, 5]},
			"faces": {
				"north": {"uv": [8, 9, 9, 13], "texture": "#3"},
				"east": {"uv": [9, 9, 10, 13], "texture": "#3"},
				"south": {"uv": [8, 9, 9, 13], "texture": "#3"},
				"west": {"uv": [9, 9, 10, 13], "texture": "#3"},
				"up": {"uv": [12, 9, 11, 8], "texture": "#3"},
				"down": {"uv": [12, 9, 11, 10], "texture": "#3"}
			}
		},
		{
			"name": "down",
			"from": [7.6, 4.85, 5],
			"to": [12.5, 5.1, 6],
			"rotation": {"angle": 0, "axis": "y", "origin": [9, 4.1, 5]},
			"faces": {
				"north": {"uv": [0, 8, 5, 9], "texture": "#3"},
				"east": {"uv": [10, 11, 11, 12], "texture": "#3"},
				"south": {"uv": [0, 8, 5, 9], "texture": "#3"},
				"west": {"uv": [10, 11, 11, 12], "texture": "#3"},
				"up": {"uv": [11, 9, 6, 8], "texture": "#3"},
				"down": {"uv": [5, 9, 0, 10], "texture": "#3"}
			}
		},
		{
			"name": "left",
			"from": [7.6, 5.1, 5],
			"to": [7.75, 9.1, 6],
			"rotation": {"angle": 0, "axis": "z", "origin": [6.75, 8.1, 5]},
			"faces": {
				"north": {"uv": [0, 10, 1, 14], "texture": "#3"},
				"east": {"uv": [1, 10, 2, 14], "texture": "#3"},
				"south": {"uv": [2, 10, 3, 14], "texture": "#3"},
				"west": {"uv": [3, 10, 4, 14], "texture": "#3"},
				"up": {"uv": [12, 11, 11, 10], "texture": "#3"},
				"down": {"uv": [12, 11, 11, 12], "texture": "#3"}
			}
		}
	],
	"gui_light": "front",
	"display": {
		"thirdperson_righthand": {
			"translation": [-2, -1, 5.25]
		},
		"thirdperson_lefthand": {
			"translation": [2, -1, 5.25]
		},
		"firstperson_righthand": {
			"rotation": [45, 0, 0],
			"translation": [-0.5, 0.25, 1.75]
		},
		"firstperson_lefthand": {
			"rotation": [45, 0, 0],
			"translation": [0.5, -0.25, 1.75]
		},
		"ground": {
			"rotation": [28.13, 3.12, 12.46]
		},
		"gui": {
			"rotation": [124.85, -48.43, -127.12],
			"translation": [-1, -3.5, 0]
		},
		"head": {
			"rotation": [90, 0, 0],
			"translation": [-2.5, 6.5, 1]
		},
		"fixed": {
			"rotation": [97.13, 42.28, -94.75],
			"translation": [3, -1.25, 0]
		}
	},
	"groups": [
		{
			"name": "main",
			"origin": [9, -0.5, 6],
			"color": 0,
			"children": [
				0,
				{
					"name": "superior_part",
					"origin": [9, -0.5, 6],
					"color": 0,
					"children": [1, 2, 3, 4]
				},
				{
					"name": "inferior_part",
					"origin": [9, -0.5, 6],
					"color": 0,
					"children": [5, 6, 7, 8]
				},
				{
					"name": "glow",
					"origin": [9, -0.5, 6],
					"color": 0,
					"children": [9, 10, 11, 12]
				}
			]
		}
	]
}