{
    "type": "origins:multiple",
    "duration": {
        "type": "origins:resource",
        "min": 0,
        "max": 400,
        "start_value": 400,
        "min_action": {
            "type": "origins:and",
            "actions": [
                {
                    "type": "origins:execute_command",
                    "command": "function necron:domain/destroyed"
                },
                {
                    "type": "origins:modify_death_ticks",
                    "modifier": {
                        "operation": "set_total",
                        "amount": 20
                    }
                }
            ]
        }
    },
    "duration_tick": {
        "type": "origins:action_over_time",
        "entity_action": {
            "type": "origins:change_resource",
            "resource": "necron:domain/dynastic_duration",
            "change": -1
        },
        "interval": 1
    },
    "dying": {
        "type": "origins:action_on_death",
        "bientity_action": {
            "type": "origins:target_action",
            "action": {
                "type": "origins:and",
                "actions": [
                    {
                        "type": "origins:execute_command",
                        "command": "function necron:domain/destroyed"
                    },
                    {
                        "type": "origins:modify_death_ticks",
                        "modifier": {
                            "operation": "set_total",
                            "amount": 20
                        }
                    }
                ]
            }
        }
    },
    "invisibility": {
        "type": "origins:invisibility",
        "render_armor": false
    },
    "max_health": {
        "type": "origins:attribute",
        "modifier": {
            "id": "domain_health",
            "attribute": "minecraft:generic.max_health",
            "amount": 30,
            "operation": "add_value"
        }
    },
    "health_boost": {
        "type": "origins:action_on_callback",
        "entity_action_gained": {
            "type": "origins:heal",
            "amount": 40
        }
    },
    "clear_effect": {
        "type": "origins:action_over_time",
        "entity_action": {
            "type": "origins:area_of_effect",
            "radius": 16,
            "shape": "sphere",
            "bientity_action": {
                "type": "origins:target_action",
                "action": {
                    "type": "origins:execute_command",
                    "command": "function necron:domain/cleanse"
                }
            },
            "bientity_condition": {
                "type": "origins:target_condition",
                "condition": {
                    "type": "origins:and",
                    "conditions": [
                        {
                            "type": "origins:living"
                        },
                        {
                            "type": "origins:command",
                            "command": "execute if data entity @s active_effects",
                            "comparison": ">=",
                            "compare_to": 1
                        },
                        {
                            "type": "origins:status_effect",
                            "effect": "minecraft:raid_omen",
                            "inverted": true
                        },
                        {
                            "type": "origins:status_effect",
                            "effect": "minecraft:bad_omen",
                            "inverted": true
                        },
                        {
                            "type": "origins:status_effect",
                            "effect": "minecraft:trial_omen",
                            "inverted": true
                        }
                    ]
                }
            }
        },
        "interval": 5
    },
    "slow_projectiles": {
        "type": "origins:action_over_time",
        "entity_action": {
            "type": "origins:area_of_effect",
            "radius": 16,
            "shape": "sphere",
            "bientity_action": {
                "type": "origins:target_action",
                "action": {
                    "type": "origins:and",
                    "actions": [
                        {
                            "type": "origins:add_velocity",
                            "z": -0.2,
                            "space": "velocity"
                        },
                        {
                            "type": "origins:execute_command",
                            "command": "particle minecraft:end_rod"
                        }
                    ]
                }
            },
            "bientity_condition": {
                "type": "origins:target_condition",
                "condition": {
                    "type": "origins:in_tag",
                    "tag": "minecraft:impact_projectiles"
                }
            }
        },
        "interval": 1
    },
    "hidden": true
}