{
    "type": "origins:multiple",
    "binded": {
        "type": "origins:entity_set"
    },
    "teleport_check": {
        "type": "origins:resource",
        "min": 0,
        "max": 1,
        "start_value": 0
    },
    "teleport_glow": {
        "type": "origins:entity_glow",
        "red": 0,
        "green": 1,
        "blue": 0.2,
        "entity_condition": {
            "type": "origins:and",
            "conditions": [
                {
                    "type": "origins:riding_root",
                    "bientity_condition": {
                        "type": "origins:target_condition",
                        "condition": {
                            "type": "origins:power",
                            "power": "necron:domain/dynastic"
                        }
                    }
                },
                {
                    "type": "origins:or",
                    "conditions": [
                        {
                            "type": "origins:entity_type",
                            "entity_type": "minecraft:block_display"
                        },
                        {
                            "type": "origins:entity_type",
                            "entity_type": "minecraft:item_display"
                        }
                    ]
                }
            ]
        },
        "condition": {
            "type": "origins:resource",
            "resource": "necron:domain/main_teleport_check",
            "comparison": "==",
            "compare_to": 1
        }
    },
    "no_teleport_glow": {
        "type": "origins:entity_glow",
        "red": 0,
        "green": 0.5,
        "blue": 0.1,
        "entity_condition": {
            "type": "origins:and",
            "conditions": [
                {
                    "type": "origins:riding_root",
                    "bientity_condition": {
                        "type": "origins:target_condition",
                        "condition": {
                            "type": "origins:power",
                            "power": "necron:domain/dynastic"
                        }
                    }
                },
                {
                    "type": "origins:or",
                    "conditions": [
                        {
                            "type": "origins:entity_type",
                            "entity_type": "minecraft:block_display"
                        },
                        {
                            "type": "origins:entity_type",
                            "entity_type": "minecraft:item_display"
                        }
                    ]
                }
            ]
        },
        "condition": {
            "type": "origins:resource",
            "resource": "necron:domain/main_teleport_check",
            "comparison": "==",
            "compare_to": 0
        }
    },
    "summon": {
        "type": "origins:active_self",
        "entity_action": {
            "type": "origins:and",
            "actions": [
                {
                    "type": "origins:trigger_cooldown",
                    "power": "necron:domain/main_teleport"
                },
                {
                    "type": "origins:execute_command",
                    "command": "execute anchored eyes positioned ^ ^ ^ run function necron:domain/summon"
                },
                {
                    "type": "origins:selector_action",
                    "selector": "@n[tag=bind_domain,type=bee]",
                    "bientity_action": {
                        "type": "origins:and",
                        "actions": [
                            {
                                "type": "origins:add_to_entity_set",
                                "set": "necron:domain/main_binded"
                            },
                            {
                                "type": "origins:target_action",
                                "action": {
                                    "type": "origins:execute_command",
                                    "command": "tag @s remove bind_domain"
                                }
                            }
                        ]
                    }
                }
            ]
        },
        "cooldown": 600,
        "key": "key.use",
        "condition": {
            "type": "origins:resource",
            "resource": "necron:domain/main_holding_key",
            "comparison": ">",
            "compare_to": 0
        },
        "hud_render": {
            "should_render": true,
            "bar_index": 24,
            "sprite_location": "origins:textures/gui/community/huang/resource_bar_01.png"
        }
    },
    "wave": {
        "type": "origins:active_self",
        "entity_action": {
            "type": "origins:and",
            "actions": [
                {
                    "type": "origins:if_else",
                    "condition": {
                        "type": "origins:entity_set_size",
                        "set": "necron:domain/main_binded",
                        "comparison": ">",
                        "compare_to": 0
                    },
                    "if_action": {
                        "type": "origins:action_on_entity_set",
                        "set": "necron:domain/main_binded",
                        "bientity_action": {
                            "type": "origins:and",
                            "actions": [
                                {
                                    "type": "origins:target_action",
                                    "action": {
                                        "type": "origins:execute_command",
                                        "command": "function necron:domain/shoot_wave_domain"
                                    }
                                },
                                {
                                    "type": "origins:target_action",
                                    "action": {
                                        "type": "origins:delay",
                                        "ticks": 4,
                                        "action": {
                                            "type": "origins:area_of_effect",
                                            "radius": 16,
                                            "shape": "sphere",
                                            "bientity_action": {
                                                "type": "origins:target_action",
                                                "action": {
                                                    "type": "origins:execute_command",
                                                    "command": "function necron:domain/dampened_domain"
                                                }
                                            },
                                            "bientity_condition": {
                                                "type": "origins:and",
                                                "conditions": [
                                                    {
                                                        "type": "origins:target_condition",
                                                        "condition": {
                                                            "type": "origins:living"
                                                        }
                                                    },
                                                    {
                                                        "type": "origins:invert",
                                                        "condition": {
                                                            "type": "origins:in_entity_set",
                                                            "set": "necron:domain/main_binded",
                                                            "inverted": true
                                                        }
                                                    }
                                                ]
                                            }
                                        }
                                    }
                                }
                            ]
                        }
                    },
                    "else_action": {
                        "type": "origins:and",
                        "actions": [
                            {
                                "type": "origins:execute_command",
                                "command": "function necron:domain/shoot_wave_player"
                            },
                            {
                                "type": "origins:delay",
                                "ticks": 4,
                                "action": {
                                    "type": "origins:area_of_effect",
                                    "radius": 16,
                                    "shape": "sphere",
                                    "bientity_action": {
                                        "type": "origins:target_action",
                                        "action": {
                                            "type": "origins:execute_command",
                                            "command": "function necron:domain/dampened_player"
                                        }
                                    }
                                }
                            }
                        ]
                    }
                },
                {
                    "type": "origins:selector_action",
                    "selector": "@n[tag=bind_domain,type=bee]",
                    "bientity_action": {
                        "type": "origins:and",
                        "actions": [
                            {
                                "type": "origins:add_to_entity_set",
                                "set": "necron:domain/main_binded"
                            },
                            {
                                "type": "origins:target_action",
                                "action": {
                                    "type": "origins:execute_command",
                                    "command": "tag @s remove bind_domain"
                                }
                            }
                        ]
                    }
                }
            ]
        },
        "cooldown": 200,
        "key": "key.attack",
        "condition": {
            "type": "origins:resource",
            "resource": "necron:domain/main_holding_key",
            "comparison": ">",
            "compare_to": 0
        },
        "hud_render": {
            "should_render": true,
            "bar_index": 14,
            "sprite_location": "origins:textures/gui/community/huang/resource_bar_02.png"
        }
    },
    "teleport": {
        "type": "origins:active_self",
        "entity_action": {
            "type": "origins:action_on_entity_set",
            "set": "necron:domain/main_binded",
            "bientity_action": {
                "type": "origins:and",
                "actions": [
                    {
                        "type": "origins:actor_action",
                        "action": {
                            "type": "origins:execute_command",
                            "command": "function necron:domain/teleport"
                        }
                    },
                    {
                        "type": "origins:target_action",
                        "action": {
                            "type": "origins:execute_command",
                            "command": "tp @p[tag=necron_teleport] ~ ~ ~"
                        }
                    },
                    {
                        "type": "origins:actor_action",
                        "action": {
                            "type": "origins:execute_command",
                            "command": "function necron:domain/teleport"
                        }
                    }
                ]
            }
        },
        "cooldown": 4,
        "key": "key.use",
        "condition": {
            "type": "origins:and",
            "conditions": [
                {
                    "type": "origins:resource",
                    "resource": "necron:domain/main_holding_key",
                    "comparison": ">",
                    "compare_to": 0
                },
                {
                    "type": "origins:resource",
                    "resource": "necron:domain/main_teleport_check",
                    "comparison": "==",
                    "compare_to": 1
                },
                {
                    "type": "origins:entity_set_size",
                    "set": "necron:domain/main_binded",
                    "comparison": ">",
                    "compare_to": 0
                }
            ]
        },
        "hud_render": {
            "should_render": true,
            "bar_index": 14,
            "sprite_location": "origins:textures/gui/community/huang/resource_bar_02.png"
        }
    },
    "holding_key": {
        "type": "origins:resource",
        "min": 0,
        "max": 3,
        "hud_render": {
            "should_render": false
        }
    },
    "unheld_key": {
        "type": "origins:action_over_time",
        "entity_action": {
            "type": "origins:change_resource",
            "resource": "necron:domain/main_holding_key",
            "change": -1
        },
        "interval": 1
    },
    "use": {
        "type": "origins:active_self",
        "entity_action": {
            "type": "origins:change_resource",
            "resource": "necron:domain/main_holding_key",
            "change": 3,
            "operation": "set"
        },
        "cooldown": 1,
        "key": {
            "key": "key.origins.primary_active",
            "continuous": true
        },
        "hud_render": {
            "should_render": false
        }
    },
    "crosshair": {
        "type": "origins:status_bar_texture",
        "texture_map": {
            "minecraft:hud/crosshair": "hypno:necron/crosshair"
        },
        "condition": {
            "type": "origins:resource",
            "resource": "necron:domain/main_holding_key",
            "comparison": ">",
            "compare_to": 0
        }
    },
    "magic_protection": {
        "type": "origins:modify_damage_taken",
        "damage_condition": {
            "type": "origins:type",
            "damage_type": "minecraft:magic"
        },
        "modifier": {
            "operation": "multiply_total_multiplicative",
            "amount": -0.64
        },
        "condition": {
            "type": "origins:entity_in_radius",
            "shape": "sphere",
            "radius": 16,
            "comparison": ">=",
            "compare_to": 1,
            "bientity_condition": {
                "type": "origins:in_entity_set",
                "set": "necron:domain/main_binded"
            }
        }
    },
    "name": "Dynastic Domain",
    "description": "The necron's tools cut through the triarch's enemies and blocks like butter.",
    "badges": [
        {
            "type": "origins:tooltip",
            "sprite": "origins:textures/gui/badge/info.png",
            "text": "You have immunity to all effects except Instant Harming and Bad, Raid, and Trial Omens. You cannot eat chorus fruit or use enderpearls."
        }
    ]
}