{
    "type": "origins:multiple",
    "spin": {
        "type": "origins:resource",
        "min": 0,
        "max": 1,
        "start_value": 0
    },
    "particles": {
        "type": "origins:action_over_time",
        "entity_action": {
            "type": "origins:execute_command",
            "command": "particle minecraft:witch ~ ~0.2 ~ 0.1 0.1 0.1 0 4"
        },
        "interval": 1
    },
    "load": {
        "type": "origins:action_on_callback",
        "entity_action_gained": {
            "type": "origins:if_else",
            "condition": {
                "type": "origins:command",
                "command": "forceload query ~ ~",
                "comparison": "==",
                "compare_to": 1
            },
            "if_action": {
                "type": "origins:execute_command",
                "command": "power revoke @s voidsent:nodes/node_load"
            },
            "else_action": {
                "type": "origins:execute_command",
                "command": "forceload add ~ ~ ~ ~"
            }
        },
        "execute_chosen_when_orb": false
    },
    "rotating": {
        "type": "origins:action_over_time",
        "entity_action": {
            "type": "origins:if_else",
            "condition": {
                "type": "origins:resource",
                "resource": "voidsent:nodes/node_spin",
                "comparison": "==",
                "compare_to": 0
            },
            "if_action": {
                "type": "origins:and",
                "actions": [
                    {
                        "type": "origins:execute_command",
                        "command": "execute on passengers run function voidsent:abilities/node_rotate1"
                    },
                    {
                        "type": "origins:execute_command",
                        "command": "execute on passengers on passengers run function voidsent:abilities/node_rotate1"
                    },
                    {
                        "type": "origins:change_resource",
                        "resource": "voidsent:nodes/node_spin",
                        "change": 1,
                        "operation": "set"
                    }
                ]
            },
            "else_action": {
                "type": "origins:and",
                "actions": [
                    {
                        "type": "origins:execute_command",
                        "command": "execute on passengers run function voidsent:abilities/node_rotate0"
                    },
                    {
                        "type": "origins:execute_command",
                        "command": "execute on passengers on passengers run function voidsent:abilities/node_rotate0"
                    },
                    {
                        "type": "origins:change_resource",
                        "resource": "voidsent:nodes/node_spin",
                        "change": 0,
                        "operation": "set"
                    }
                ]
            }
        },
        "interval": 20
    },
    "hidden": true
}