{
    "type": "minecraft:chest",
    "pools": [
      {
        "rolls": {
          "type": "minecraft:uniform",
          "min": 3,
          "max": 6
        },
        "bonus_rolls": 0,
        "entries": [
          {
            "type": "minecraft:item",
            "name": "minecraft:iron_ingot",
            "weight": 90,
            "functions": [
              {
                "function": "minecraft:set_count",
                "count": {
                  "type": "minecraft:uniform",
                  "min": 1,
                  "max": 5
                },
                "add": false
              }
            ]
          },
          {
            "type": "minecraft:item",
            "name": "minecraft:gold_ingot",
            "weight": 10,
            "functions": [
              {
                "function": "minecraft:set_count",
                "count": {
                  "type": "minecraft:uniform",
                  "min": 1,
                  "max": 5
                },
                "add": false
              }
            ]
          },
          {
            "type": "minecraft:item",
            "name": "minecraft:emerald",
            "weight": 40,
            "functions": [
              {
                "function": "minecraft:set_count",
                "count": {
                  "type": "minecraft:uniform",
                  "min": 1,
                  "max": 5
                },
                "add": false
              }
            ]
          },
          {
            "type": "minecraft:item",
            "name": "minecraft:diamond",
            "weight": 5
          },
          {
            "type": "minecraft:item",
            "name": "minecraft:experience_bottle",
            "weight": 5
          },
          {
            "type": "minecraft:item",
            "name": "minecraft:prismarine_crystals",
            "weight": 3,
            "functions": [
              {
                "function": "minecraft:set_custom_data",
                "tag": "{Abyssal_Pearl:1b}"
              },
              {
                "function": "minecraft:set_custom_model_data",
                "value": 1
              },
              {
                "function": "minecraft:set_name",
                "entity": "this",
                "target": "item_name",
                "name": {
                  "text": "Abyssal Pearl",
                  "color": "light_purple"
                }
              },
              {
                "function": "minecraft:set_lore",
                "entity": "this",
                "lore": [
                  {
                    "text": "A mythical tale emanates from this shiny jewel...",
                    "color": "gold"
                  }
                ],
                "mode": "replace_all"
              },
              {
                "function": "minecraft:set_components",
                "components": {
                  "minecraft:enchantment_glint_override": true
                }
              }
            ]
          }
        ]
      },
      {
        "rolls": {
          "type": "minecraft:uniform",
          "min": 2,
          "max": 5
        },
        "bonus_rolls": 0,
        "entries": [
          {
            "type": "minecraft:item",
            "name": "minecraft:iron_nugget",
            "weight": 50,
            "functions": [
              {
                "function": "minecraft:set_count",
                "count": {
                  "type": "minecraft:uniform",
                  "min": 1,
                  "max": 10
                },
                "add": false
              }
            ]
          },
          {
            "type": "minecraft:item",
            "name": "minecraft:gold_nugget",
            "weight": 10,
            "functions": [
              {
                "function": "minecraft:set_count",
                "count": {
                  "type": "minecraft:uniform",
                  "min": 1,
                  "max": 10
                },
                "add": false
              }
            ]
          },
          {
            "type": "minecraft:item",
            "name": "minecraft:lapis_lazuli",
            "weight": 20,
            "functions": [
              {
                "function": "minecraft:set_count",
                "count": {
                  "type": "minecraft:uniform",
                  "min": 1,
                  "max": 10
                },
                "add": false
              }
            ]
          }
        ]
      },
      {
        "rolls": 1,
        "bonus_rolls": 0,
        "entries": [
          {
            "type": "minecraft:empty",
            "weight": 5
          },
          {
            "type": "minecraft:item",
            "name": "minecraft:coast_armor_trim_smithing_template",
            "functions": [
              {
                "function": "minecraft:set_count",
                "count": 2,
                "add": false
              }
            ]
          }
        ]
      }
    ],
    "random_sequence": "minecraft:chests/shipwreck_treasure"
  }
  