{
    "type": "origins:simple",
    "name": "§9[SPELLS]",
    "description": "",
    "badges": [
        {
            "type": "origins:crafting_recipe",
            "prefix": "§9§lHoming Souls §r§9⚈",
            "suffix": "§7Summon five homing orbs that follow the target and deal §e2§7 magic damage each on hit.\n§8(COST: 5 souls)",
            "sprite": "origins:textures/gui/badge/info.png",
            "recipe": {
                "type": "minecraft:crafting_shaped",
                "id": "chosen:homing",
                "pattern": [
                    " a ",
                    "aba",
                    " a "
                ],
                "key": {
                    "b": {
                        "item": "minecraft:book"
                    },
                    "a": {
                        "item": "minecraft:ghast_tear"
                    }
                },
                "result": {
                    "id": "minecraft:book"
                }
            }
        },
        {
            "type": "origins:crafting_recipe",
            "prefix": "§9§lSoul Arrow §r§9🏹",
            "suffix": "§7Shoot forward a soul arrow that deals §e10§7 magic damage.\n§8(COST: 5 souls)",
            "sprite": "origins:textures/gui/badge/info.png",
            "recipe": {
                "type": "minecraft:crafting_shaped",
                "id": "chosen:arrow",
                "pattern": [
                    " a ",
                    "aba",
                    " a "
                ],
                "key": {
                    "b": {
                        "item": "minecraft:book"
                    },
                    "a": {
                        "item": "minecraft:spectral_arrow"
                    }
                },
                "result": {
                    "id": "minecraft:book"
                }
            }
        },
        {
            "type": "origins:crafting_recipe",
            "prefix": "§9§lArcane Weapon §r§9🗡",
            "suffix": "§7All damage dealt does +1 magic damage for 10s.\n§8(COST: 15 souls)",
            "sprite": "origins:textures/gui/badge/info.png",
            "recipe": {
                "type": "minecraft:crafting_shaped",
                "id": "chosen:weapon",
                "pattern": [
                    " a ",
                    "aba",
                    " a "
                ],
                "key": {
                    "b": {
                        "item": "minecraft:book"
                    },
                    "a": {
                        "tag": "minecraft:swords"
                    }
                },
                "result": {
                    "id": "minecraft:book"
                }
            }
        }
    ]
}