{
    "type": "origins:multiple",
    "owned":{
        "type": "origins:entity_set"
    },
    "craft_arrow": {
        "type": "origins:modify_crafting",
        "recipe": "chosen:arrow",
        "result": {
            "id": "minecraft:book",
            "components": {
                "minecraft:custom_name": "[{\"text\":\"SORCERY: Soul Arrow\",\"italic\":false}]",
                "minecraft:rarity": "rare",
                "minecraft:custom_data": {
                    "Chosen_Book": true,
                    "Arrow": true
                }
            }
        }
    },
    "cooldown": {
        "type": "origins:resource",
        "min": 0,
        "max": 10,
        "start_value": 0
    },
    "drain_cooldown": {
        "type": "origins:action_over_time",
        "entity_action": {
            "type": "origins:change_resource",
            "resource": "chosen:spells/soul_arrow_cooldown",
            "change": -1
        },
        "interval": 1
    },
    "use": {
        "type": "origins:active_self",
        "entity_action": {
            "type": "origins:and",
            "actions": [
                {
                    "type": "origins:exhaust",
                    "amount": 1
                },
                {
                    "type": "origins:swing_hand",
                    "hand": "MAIN_HAND"
                },
                {
                    "type": "origins:execute_command",
                    "command": "function chosen:arrow/summon"
                },
                {
                    "type": "origins:selector_action",
                    "selector": "@n[tag=soul_arrow]",
                    "bientity_action": {
                        "type": "origins:add_to_entity_set",
                        "set": "chosen:spells/soul_arrow_owned",
                        "time_limit": 120
                    }
                }
            ]
        },
        "cooldown": 1,
        "condition": {
            "type": "origins:and",
            "conditions": [
                {
                    "type": "origins:resource",
                    "resource": "chosen:spells/staff_souls",
                    "comparison": ">=",
                    "compare_to": 5
                },
                {
                    "type": "origins:resource",
                    "resource": "chosen:spells/soul_arrow_cooldown",
                    "comparison": "==",
                    "compare_to": 0
                },
                {
                    "type": "origins:equipped_item",
                    "equipment_slot": "mainhand",
                    "item_condition": {
                        "type": "origins:custom_data",
                        "nbt": "{Sorcery_Staff: 1b}"
                    }
                },
                {
                    "type": "origins:equipped_item",
                    "equipment_slot": "offhand",
                    "item_condition": {
                        "type": "origins:custom_data",
                        "nbt": "{Arrow: 1b}"
                    }
                }
            ]
        },
        "key": {
            "key": "key.use"
        },
        "hud_render": {
            "should_render": false
        }
    },
    "hidden": true
}