[
    {
        "function": "minecraft:set_custom_model_data",
        "value": 3
    },
    {
        "function": "minecraft:set_custom_data",
        "tag": "{Fist_Card:0b, Elevate_Card:0b, Purify_Card:1b, Godspeed_Card:0b, Stomp_Card:0b}"
    },
    {
        "function": "minecraft:set_name",
        "target": "custom_name",
        "name": [
            {
                "text": "Neon's Gun ["
            },
            {
                "text": "PURIFY",
                "color": "light_purple"
            },
            {
                "text": "]"
            }
        ]
    }
]