{
    "type": "origins:multiple",
    "health": {
        "type": "origins:attribute",
        "modifier": {
            "id": "plushie_health",
            "attribute": "minecraft:generic.max_health",
            "amount": -4,
            "operation": "add_value"
        }
    },
    "health1": {
        "type": "origins:conditioned_attribute",
        "modifier": {
            "id": "plushie_health1",
            "attribute": "minecraft:generic.max_health",
            "amount": -2,
            "operation": "add_value"
        },
        "condition": {
            "type": "origins:resource",
            "resource": "plushie:paradox_health_reduction",
            "comparison": "==",
            "compare_to": 1
        }
    },
    "health2": {
        "type": "origins:conditioned_attribute",
        "modifier": {
            "id": "plushie_health2",
            "attribute": "minecraft:generic.max_health",
            "amount": -4,
            "operation": "add_value"
        },
        "condition": {
            "type": "origins:resource",
            "resource": "plushie:paradox_health_reduction",
            "comparison": "==",
            "compare_to": 2
        }
    },
    "health3": {
        "type": "origins:conditioned_attribute",
        "modifier": {
            "id": "plushie_health3",
            "attribute": "minecraft:generic.max_health",
            "amount": -6,
            "operation": "add_value"
        },
        "condition": {
            "type": "origins:resource",
            "resource": "plushie:paradox_health_reduction",
            "comparison": "==",
            "compare_to": 3
        }
    },
    "health4": {
        "type": "origins:conditioned_attribute",
        "modifier": {
            "id": "plushie_health1",
            "attribute": "minecraft:generic.max_health",
            "amount": -8,
            "operation": "add_value"
        },
        "condition": {
            "type": "origins:resource",
            "resource": "plushie:paradox_health_reduction",
            "comparison": "==",
            "compare_to": 4
        }
    },
    "health_reduction": {
        "type": "origins:resource",
        "min": 0,
        "max": 4,
        "start_value": 0
    },
    "death_timer": {
        "type": "origins:resource",
        "min": 0,
        "max": 15,
        "start_value": 0
    },
    "death": {
        "type": "origins:prevent_death",
        "entity_action": {
            "type": "origins:and",
            "actions": [
                {
                    "type": "origins:drop_inventory"
                },
                {
                    "type": "origins:execute_command",
                    "command": "function plushie:death/trigger_death"
                },
                {
                    "type": "origins:delay",
                    "ticks": 1,
                    "action": {
                        "type": "origins:selector_action",
                        "selector": "@n[tag=aj.plushie_totem.root]",
                        "bientity_action": {
                            "type": "origins:invert",
                            "action": {
                                "type": "origins:mount"
                            }
                        }
                    }
                }
            ]
        }
    },
    "death_tick": {
        "type": "origins:action_over_time",
        "entity_action": {
            "type": "origins:execute_command",
            "command": "function plushie:death/timer_tick"
        },
        "interval": 20,
        "condition": {
            "type": "origins:scoreboard",
            "objective": "plushie_winding",
            "comparison": ">",
            "compare_to": 0
        }
    },
    "overlay": {
        "type": "origins:overlay",
        "texture": "hypno:plushie/dead",
        "strength": 0.7,
        "red": 1.0,
        "green": 1.0,
        "blue": 0.4,
        "draw_mode": "texture",
        "draw_phase": "below_hud",
        "hide_with_hud": false,
        "visible_in_third_person": true,
        "condition": {
            "type": "origins:resource",
            "resource": "plushie:paradox_death_timer",
            "comparison": ">",
            "compare_to": 0
        }
    },
    "head": {
        "type": "origins:action_over_time",
        "entity_action": {
            "type": "origins:execute_command",
            "command": "function plushie:death/head_rotate with storage plushie:head_rotation"
        },
        "interval": 1,
        "condition": {
            "type": "origins:resource",
            "resource": "plushie:paradox_death_timer",
            "comparison": ">",
            "compare_to": 0
        }
    },
    "death_movement": {
        "type": "origins:conditioned_attribute",
        "tick_rate": 1,
        "modifier": {
            "id": "plushie_movement",
            "attribute": "minecraft:generic.movement_speed",
            "amount": -1,
            "operation": "add_multiplied_total"
        },
        "condition": {
            "type": "origins:resource",
            "resource": "plushie:paradox_death_timer",
            "comparison": ">",
            "compare_to": 0
        }
    },
    "death_block_reach": {
        "type": "origins:conditioned_attribute",
        "tick_rate": 1,
        "modifier": {
            "id": "plushie_block_range",
            "attribute": "minecraft:player.block_interaction_range",
            "amount": -1,
            "operation": "add_multiplied_total"
        },
        "condition": {
            "type": "origins:resource",
            "resource": "plushie:paradox_death_timer",
            "comparison": ">",
            "compare_to": 0
        }
    },
    "death_entity_reach": {
        "type": "origins:conditioned_attribute",
        "tick_rate": 1,
        "modifier": {
            "id": "plushie_block_range",
            "attribute": "minecraft:player.entity_interaction_range",
            "amount": -1,
            "operation": "add_multiplied_total"
        },
        "condition": {
            "type": "origins:resource",
            "resource": "plushie:paradox_death_timer",
            "comparison": ">",
            "compare_to": 0
        }
    },
    "death_air_speed": {
        "type": "origins:modify_air_speed",
        "modifier": {
            "operation": "multiply_total_multiplicative",
            "amount": -1
        },
        "condition": {
            "type": "origins:resource",
            "resource": "plushie:paradox_death_timer",
            "comparison": ">",
            "compare_to": 0
        }
    },
    "death_jump": {
        "type": "origins:modify_jump",
        "modifier": {
            "operation": "multiply_total_multiplicative",
            "amount": -1
        },
        "condition": {
            "type": "origins:resource",
            "resource": "plushie:paradox_death_timer",
            "comparison": ">",
            "compare_to": 0
        }
    },
    "death_invuln": {
        "type": "origins:modify_damage_taken",
        "condition": {
            "type": "origins:resource",
            "resource": "plushie:paradox_death_timer",
            "comparison": ">",
            "compare_to": 0
        },
        "modifier": {
            "operation": "multiply_total_multiplicative",
            "amount": -1
        }
    },
    "death_pickup":{
        "type": "origins:prevent_item_pickup",
        "condition": {
            "type": "origins:resource",
            "resource": "plushie:paradox_death_timer",
            "comparison": ">",
            "compare_to": 0
        }
    },
    "death_item_use":{
        "type": "origins:prevent_item_use",
        "condition": {
            "type": "origins:resource",
            "resource": "plushie:paradox_death_timer",
            "comparison": ">",
            "compare_to": 0
        }
    },
    "invis": {
        "type": "origins:invisibility",
        "render_armor": false,
        "condition": {
            "type": "origins:resource",
            "resource": "plushie:paradox_death_timer",
            "comparison": ">",
            "compare_to": 0
        }
    },
    "feature_invis": {
        "type": "origins:prevent_feature_render",
        "features": [
            "held_item",
            "stuck_objects",
            "shoulder_parrot"
        ],
        "condition": {
            "type": "origins:resource",
            "resource": "plushie:paradox_death_timer",
            "comparison": ">",
            "compare_to": 0
        }
    },
    "name": "Perplexing Plush Paradox",
    "description": "Even when numbness fully takes over, something ethereal keeps you sentient",
    "badges": [
        {
            "type": "origins:tooltip",
            "sprite": "minecraft:textures/item/totem_of_undying.png",
            "text": "§6§lPerplexing Plush Paradox §r§6🧸§r\n§fYou cannot die.\n§7Instead, you become inactive for §e15s§7; preventing you from all actions and dropping your entire inventory nonetheless.\n\n§7§lPassive Ability"
        }
    ]
}