{
    "type": "origins:multiple",
    "voodooed": {
        "type": "origins:entity_set"
    },
    "cooldown": {
        "type": "origins:resource",
        "min": 0,
        "max": 100,
        "start_value": 100,
        "hud_render": {
            "should_render": true,
            "bar_index": 6,
            "sprite_location": "origins:textures/gui/community/huang/resource_bar_01.png",
            "condition": {
                "type": "origins:resource",
                "resource": "plushie:voodoo/main_cooldown",
                "comparison": "<",
                "compare_to": 100
            }
        }
    },
    "toggle": {
        "type": "origins:resource",
        "min": 0,
        "max": 1,
        "start_value": 0
    },
    "cooldown_tick": {
        "type": "origins:action_over_time",
        "entity_action": {
            "type": "origins:change_resource",
            "resource": "plushie:voodoo/main_cooldown",
            "change": 1
        },
        "condition": {
            "type": "origins:resource",
            "resource": "plushie:voodoo/main_cooldown",
            "comparison": "<",
            "compare_to": 100
        },
        "interval": 1
    },
    "use": {
        "type": "origins:active_self",
        "entity_action": {
            "type": "origins:if_else",
            "condition": {
                "type": "origins:resource",
                "resource": "plushie:voodoo/main_toggle",
                "comparison": "==",
                "compare_to": 0
            },
            "if_action": {
                "type": "origins:execute_command",
                "command": "function plushie:voodoo/infuse"
            },
            "else_action": {
                "type": "origins:execute_command",
                "command": "function plushie:voodoo/deinfuse"
            }
        },
        "cooldown": 4,
        "key": {
            "key": "key.origins.primary_active"
        },
        "hud_render": {
            "should_render": false
        },
        "condition": {
            "type": "origins:resource",
            "resource": "plushie:voodoo/main_cooldown",
            "comparison": "==",
            "compare_to": 100
        }
    },
    "arrow_hit":{
        "type": "origins:action_on_hit",
        "condition": {
            "type": "origins:resource",
            "resource": "plushie:voodoo/main_toggle",
            "comparison": "==",
            "compare_to": 1
        },
        "bientity_action": {
            "type": "origins:and",
            "actions": [
                {
                    "type": "origins:add_to_entity_set",
                    "set": "plushie:voodoo/main_voodooed"
                },
                {
                    "type": "origins:target_action",
                    "action": {
                        "type": "origins:if_else",
                        "condition": {
                            "type": "origins:power",
                            "power": "plushie:voodoo/voodooed"
                        },
                        "if_action": {
                            "type": "origins:change_resource",
                            "resource": "plushie:voodoo/voodooed_duration",
                            "change": 12
                        },
                        "else_action": {
                            "type": "origins:execute_command",
                            "command": "function plushie:voodoo/grant_voodooed"
                        }
                    }
                }
            ]
        },
        "bientity_condition": {
            "type": "origins:and",
            "conditions": [
                {
                    "type": "origins:equal",
                    "inverted": true
                },
                {
                    "type": "origins:target_condition",
                    "condition": {
                        "type": "origins:living"
                    }
                }
            ]
        }
    },
    "damaged": {
        "type": "origins:modify_damage_taken",
        "self_action": {
            "type": "origins:and",
            "actions": [
                {
                    "type": "origins:execute_command",
                    "command": "function plushie:voodoo/damage"
                },
                {
                    "type": "origins:action_on_entity_set",
                    "set": "plushie:voodoo/main_voodooed",
                    "bientity_action": {
                        "type": "origins:target_action",
                        "action": {
                            "type": "origins:execute_command",
                            "command": "function plushie:voodoo/transfer"
                        }
                    }
                },
                {
                    "type": "origins:if_else",
                    "condition": {
                        "type": "origins:entity_set_size",
                        "set": "plushie:voodoo/main_voodooed",
                        "comparison": "==",
                        "compare_to": 0
                    },
                    "if_action": {
                        "type": "origins:execute_command",
                        "command": "scoreboard players set @s voodoo_damaged 0"
                    }
                }
            ]
        },
        "condition": {
            "type": "origins:resource",
            "resource": "plushie:voodoo/main_toggle",
            "comparison": "==",
            "compare_to": 1
        }
    },
    "no_toughness": {
        "type": "origins:conditioned_attribute",
        "tick_rate": 1,
        "modifier": {
            "id": "plushie_toughness",
            "attribute": "minecraft:generic.armor_toughness",
            "amount": -1,
            "operation": "add_multiplied_total"
        },
        "condition": {
            "type": "origins:resource",
            "resource": "plushie:voodoo/main_toggle",
            "comparison": "==",
            "compare_to": 1
        }
    },
    "slowed": {
        "type": "origins:conditioned_attribute",
        "tick_rate": 1,
        "modifier": {
            "id": "plushie_slowed",
            "attribute": "minecraft:generic.movement_speed",
            "amount": -0.4,
            "operation": "add_multiplied_total"
        },
        "condition": {
            "type": "origins:resource",
            "resource": "plushie:voodoo/main_toggle",
            "comparison": "==",
            "compare_to": 1
        }
    },
    "airslowed": {
        "type": "origins:modify_air_speed",
        "modifier": {
            "operation": "multiply_total_multiplicative",
            "amount": -0.4
        },
        "condition": {
            "type": "origins:resource",
            "resource": "plushie:voodoo/main_toggle",
            "comparison": "==",
            "compare_to": 1
        }
    },
    "glow": {
        "type": "origins:entity_glow",
        "bientity_condition": {
            "type": "origins:in_entity_set",
            "set": "plushie:voodoo/main_voodooed"
        },
        "use_teams": false,
        "red": 0.7,
        "green": 0.5,
        "blue": 0
    },
    "name": "Voodoo",
    "description": "Shifting energy into your pickaxe is quite strong even without the piercing input of your nails",
    "badges": [
        {
            "type": "origins:tooltip",
            "sprite": "minecraft:textures/mob_effect/absorption.png",
            "text": "§b§lShifting Cue §r§b🎯§r\n§fHolding the ability, you start channeling energy into your pickaxe.\n§7Once fully charged, your next hit deals additional magic damage and stronger knockback.\n\n§e⌛§r§7 Windup: §r§f1.75s\n§7§lActive Ability"
        },
        {
            "type": "origins:tooltip",
            "sprite": "origins:textures/gui/badge/active.png",
            "text": [
                "§7Hold §r[",
                {
                    "keybind": "key.origins.secondary_active"
                },
                "]§7 to channel energy into your pickaxe!"
            ]
        }
    ]
}