{
    "type": "origins:multiple",

    "eat_seed_and_shit": {
        "type": "origins:edible_item",
        "item_condition": {
            "type": "origins:or",
                "conditions": [
                {
                    "type": "origins:ingredient",
                        "ingredient": {
                        "item": "minecraft:beetroot_seeds"
                    }
                },
                {
                    "type": "origins:ingredient",
                        "ingredient": {
                        "item": "minecraft:melon_seeds"
                    }
                },
                {
                    "type": "origins:ingredient",
                        "ingredient": {
                        "item": "minecraft:pumpkin_seeds"
                    }
                },
                {
                    "type": "origins:ingredient",
                        "ingredient": {
                        "item": "minecraft:torchflower_seeds"
                    }
                },
                {
                    "type": "origins:ingredient",
                        "ingredient": {
                        "item": "minecraft:wheat_seeds"
                    }
                }
            ]
        },
        "food_component": {
            "nutrition": 2,
            "saturation": 0.1,
            "can_always_eat": true,
            "eat_seconds": 1
        },
        "use_action": "eat"
    },

    "the_shit_in_question": {
        "type": "origins:modify_food",
        "item_condition": {
            "type": "origins:ingredient",
            "ingredient": {
                "item": "minecraft:cookie"
            }
        },
        "food_modifier": {
            "operation": "add_base_late",
            "amount": 2
        },
        "saturation_modifier":  {
            "operation": "add_base_late",
            "amount": 2.5
        },
        "entity_action": {
            "type": "origins:execute_command",
            "command": "effect give @s minecraft:poison 15 2 true"
        }
    },

    "hunger_immune": {
        "type": "origins:effect_immunity",
        "effects": [
            "minecraft:hunger"
        ]
    },

    "name": "Murders Victu",
    "description": "Thy hunger knows no bounds! Seeds and grains dost thou pluck from the earth, yet when fortune grants, thou takest flesh as well — be it small beast or carrion cast aside. Fruits thou stealest from branch and vine, and with thy sharp eye, even fish dost thou claim. No meal too humble, none too grand, for thou, dark trickster, art ever feasting on what the world provides.",
    "badges": [
        {
            "type": "origins:tooltip",
            "sprite": "minecraft:textures/mob_effect/hunger.png",
            "text": "§7Grants the ability to eat seeds, the effect immunity to hunger and cookies may give you cancer.\n\n§7§lPassive Ability"
        }
    ]
}