{
    "type": "origins:multiple",
    "duration": {
        "type": "origins:resource",
        "min": 0,
        "max": 160,
        "start_value": 160,
        "hud_render": {
            "should_render": false
        },
        "min_action": {
            "type": "origins:and",
            "actions": [
                {
                    "type": "origins:execute_command",
                    "command": "playsound minecraft:entity.guardian.death player @a ~ ~1 ~ 2 2",
                    "permission_level": 4
                },
                {
                    "type": "origins:execute_command",
                    "command": "execute at @a[tag=bait] run particle minecraft:splash ~ ~1 ~ 0.5 0.5 0.5 0.1 100"
                },
                {
                    "type": "origins:execute_command",
                    "command": "execute at @a[tag=bait] run playsound minecraft:entity.cod.flop player @a ~ ~1 ~ 3 0.5"
                },
                {
                    "type": "origins:execute_command",
                    "command": "tp @a[tag=bait] @s"
                },
                {
                    "type": "origins:execute_command",
                    "command": "power revoke @a angler:tp/bait"
                },
                {
                    "type": "origins:execute_command",
                    "command": "execute on passengers run kill @s"
                },
                {
                    "type": "origins:execute_command",
                    "command": "kill @e[type=fishing_bobber,limit=1,sort=nearest]"
                },
                {
                    "type": "origins:execute_command",
                    "command": "kill @s"
                }
            ]
        }
    },
    "cancel": {
        "type": "origins:action_over_time",
        "falling_action": {
            "type": "origins:and",
            "actions": [
                {
                    "type": "origins:execute_command",
                    "command": "execute on passengers run kill @s"
                },
                {
                    "type": "origins:execute_command",
                    "command": "kill @s"
                }
            ]
        },
        "interval": 1,
        "condition": {
            "type": "origins:riding"
        }
    },
    "duration_down": {
        "type": "origins:action_over_time",
        "entity_action": {
            "type": "origins:change_resource",
            "resource": "angler:tp/cod_duration",
            "change": -10
        },
        "interval": 10
    },
    "sounds": {
        "type": "origins:action_over_time",
        "entity_action": {
            "type": "origins:and",
            "actions": [
                {
                    "type": "origins:execute_command",
                    "command": "playsound minecraft:entity.iron_golem.repair player @s ~ ~ ~ 3 0.5",
                    "permission_level": 4
                },
                {
                    "type": "origins:execute_command",
                    "command": "playsound minecraft:entity.allay.item_taken player @a ~ ~ ~ 4 0.5",
                    "permission_level": 4
                }
            ]
        },
        "interval": 40
    },
    "rotation": {
        "type": "origins:action_over_time",
        "entity_action": {
            "type": "origins:and",
            "actions": [
                {
                    "type": "origins:execute_command",
                    "command": "tp @s ~ ~ ~ ~8 ~",
                    "permission_level": 4
                },
                {
                    "type": "origins:execute_command",
                    "command": "execute on passengers run data modify entity @s Rotation[0] set from entity @e[limit=1,sort=nearest,type=minecraft:armor_stand,tag=fishout] Rotation[0]",
                    "permission_level": 4
                },
                {
                    "type": "origins:execute_command",
                    "command": "particle minecraft:splash ~ ~1 ~ 0.4 0.4 0.4 0.2 3",
                    "permission_level": 4
                }
            ]
        },
        "interval": 1
    },
    "hidden": true
}