{
    "type": "origins:multiple",
    "sight": {
        "type": "origins:prevent_entity_render",
        "bientity_condition": {
            "type": "origins:and",
            "conditions": [
                {
                    "type": "origins:distance",
                    "comparison": ">",
                    "compare_to": 16
                },
                {
                    "type": "origins:target_condition",
                    "condition": {
                        "type": "origins:living"
                    }
                }
            ]
        },
		"condition": {
			"type": "origins:and",
            "conditions": [
				{
        			"type": "origins:fluid_height",
                    "fluid": "minecraft:water",
                    "comparison": "==",
                    "compare_to": 0
				},
				{
					"type": "origins:exposed_to_sky"
				},
                {
                    "type": "origins:daytime"
                }
			]
		}
    },
    "name": "Dry Eyes",
    "description": "The heat of the sun dries the gel from your eyes making it harder to see outside the water.",
    "badges": [
        {
            "type": "origins:tooltip",
            "sprite": "minecraft:textures/mob_effect/blindness.png",
            "text": "§7While out of water in the sun gain§r §c§lDry Eyes 👁§\n\n\n§c§lDry Eyes 👁§r§7\nYou can only see entities that are at most §r§e16§r§7 blocks away from you\n\n§7§lPassive Ability"
        }
    ]
}